date,open,high,low,close,volume
2020-08-28,1945.95000000,2049.69000000,1945.95000000,1977.99000000,105.40827100
2020-08-29,1966.91000000,1989.91000000,1940.01000000,1964.34000000,191.83586900
2020-08-30,1972.16000000,1985.00000000,1946.75000000,1982.10000000,260.89203000
2020-08-31,1982.10000000,1983.65000000,1964.39000000,1971.48000000,131.65153700
2020-09-01,1971.48000000,2007.50000000,1967.31000000,1981.25000000,200.68409800
2020-09-02,1982.84000000,1988.75000000,1929.06000000,1957.64000000,215.21981100
2020-09-03,1952.00000000,1964.87000000,1915.50000000,1925.00000000,204.66126800
2020-09-04,1931.25000000,1971.32000000,1900.91000000,1930.13000000,360.98148600
2020-09-05,1937.50000000,1965.00000000,1910.00000000,1938.00000000,188.16332200
2020-09-06,1938.00000000,1962.00000000,1922.19000000,1933.00000000,167.59621500
2020-09-07,1935.97000000,1942.21000000,1916.11000000,1939.45000000,149.70423100
2020-09-08,1936.98000000,1948.35000000,1902.96000000,1934.92000000,86.71909900
2020-09-09,1941.40000000,1958.59000000,1928.53000000,1954.08000000,60.04159000
2020-09-10,1954.08000000,1967.99000000,1939.01000000,1955.49000000,76.39533500
2020-09-11,1953.53000000,1958.00000000,1936.72000000,1947.69000000,47.47561400
2020-09-12,1945.87000000,1958.00000000,1943.15000000,1950.00000000,99.84044900
2020-09-13,1949.99000000,1969.00000000,1944.80000000,1948.20000000,104.39743300
2020-09-14,1945.00000000,1969.00000000,1945.00000000,1964.21000000,40.75702500
2020-09-15,1964.21000000,1978.09000000,1945.65000000,1960.23000000,145.92522200
2020-09-16,1960.25000000,1989.60000000,1950.00000000,1968.97000000,74.71816200
2020-09-17,1968.98000000,1990.48000000,1949.00000000,1963.33000000,85.09054700
2020-09-18,1964.03000000,1967.85000000,1941.00000000,1959.12000000,118.04693800
2020-09-19,1959.12000000,1992.72000000,1949.99000000,1965.48000000,73.57347200
2020-09-20,1959.13000000,1974.44000000,1951.00000000,1962.00000000,47.86234900
2020-09-21,1962.00000000,1971.46000000,1891.98000000,1920.28000000,132.01825900
2020-09-22,1920.28000000,1930.92000000,1900.90000000,1905.91000000,65.84116800
2020-09-23,1910.00000000,1917.24000000,1859.64000000,1870.71000000,125.59914800
2020-09-24,1862.78000000,1890.81000000,1858.03000000,1888.20000000,54.71184500
2020-09-25,1888.32000000,1889.93000000,1860.00000000,1874.00000000,46.78709300
2020-09-26,1873.26000000,1881.34000000,1866.79000000,1870.98000000,31.35101300
2020-09-27,1873.88000000,1879.76000000,1863.34000000,1870.11000000,15.58444900
2020-09-28,1870.11000000,1904.55000000,1860.00000000,1895.54000000,99.66963200
2020-09-29,1898.43000000,1918.31000000,1890.86000000,1913.12000000,43.42694200
2020-09-30,1907.18000000,1913.00000000,1890.97000000,1901.34000000,36.09047700
2020-10-01,1901.32000000,1927.54000000,1890.00000000,1912.99000000,72.70897800
2020-10-02,1912.99000000,1940.00000000,1902.89000000,1914.92000000,169.47251500
2020-10-03,1915.43000000,1918.77000000,1900.00000000,1907.59000000,52.52539100
2020-10-04,1907.59000000,1918.21000000,1907.53000000,1917.54000000,32.44054500
2020-10-05,1912.70000000,1932.43000000,1880.11000000,1921.03000000,79.89351000
2020-10-06,1925.09000000,1930.82000000,1887.01000000,1887.01000000,66.54288300
2020-10-07,1889.33000000,1907.85000000,1883.11000000,1895.46000000,74.96949900
2020-10-08,1899.68000000,1911.61000000,1884.31000000,1905.42000000,63.14613600
2020-10-09,1905.41000000,1944.61000000,1904.49000000,1939.01000000,63.12010000
2020-10-10,1939.00000000,1949.30000000,1932.21000000,1935.55000000,52.52596800
2020-10-11,1935.55000000,1951.20000000,1935.00000000,1940.64000000,53.86168800
2020-10-12,1942.56000000,1947.28000000,1921.55000000,1931.16000000,58.90834500
2020-10-13,1931.16000000,1935.68000000,1901.63000000,1910.48000000,102.88650300
2020-10-14,1905.11000000,1924.04000000,1898.23000000,1911.98000000,105.70749300
2020-10-15,1911.99000000,1923.94000000,1903.36000000,1922.88000000,31.66220000
2020-10-16,1916.01000000,1924.66000000,1905.81000000,1915.45000000,52.95051700
2020-10-17,1915.46000000,1917.43000000,1906.00000000,1915.95000000,38.19342700
2020-10-18,1910.48000000,1918.53000000,1910.00000000,1910.00000000,41.99007900
2020-10-19,1915.22000000,1925.54000000,1904.56000000,1906.01000000,82.41847300
2020-10-20,1912.07000000,1922.45000000,1902.00000000,1919.83000000,63.25333000
2020-10-21,1917.38000000,1939.99000000,1903.35000000,1930.99000000,168.55277000
2020-10-22,1926.02000000,1931.13000000,1903.48000000,1909.00000000,146.80869600
2020-10-23,1909.00000000,1926.66000000,1904.46000000,1904.46000000,91.28893800
2020-10-24,1909.69000000,1917.40000000,1904.50000000,1916.00000000,63.69511300
2020-10-25,1916.00000000,1919.42000000,1906.63000000,1909.39000000,41.20307300
2020-10-26,1909.39000000,1921.55000000,1904.10000000,1907.45000000,92.42589300
2020-10-27,1910.00000000,1926.68000000,1906.00000000,1915.83000000,108.41657300
2020-10-28,1917.01000000,1925.14000000,1881.00000000,1896.66000000,168.73061900
2020-10-29,1896.66000000,1899.96000000,1874.28000000,1874.51000000,118.35241600
2020-10-30,1874.51000000,1900.67000000,1874.50000000,1894.91000000,86.37278000
2020-10-31,1889.14000000,1898.33000000,1882.67000000,1895.55000000,57.34379400
2020-11-01,1895.55000000,1901.78000000,1882.83000000,1889.01000000,107.63508200
2020-11-02,1895.78000000,1911.61000000,1883.91000000,1911.59000000,137.57606500
2020-11-03,1907.01000000,1932.32000000,1896.87000000,1925.77000000,121.68659900
2020-11-04,1925.77000000,1929.99000000,1893.47000000,1917.26000000,182.22399100
2020-11-05,1917.26000000,1965.86000000,1905.00000000,1958.72000000,222.46031100
2020-11-06,1953.84000000,1971.32000000,1940.72000000,1954.28000000,210.68817400
2020-11-07,1956.39000000,1967.78000000,1945.95000000,1961.21000000,208.57804300
2020-11-08,1957.67000000,1968.13000000,1950.54000000,1968.13000000,136.70269700
2020-11-09,1968.13000000,1978.06000000,1865.51000000,1879.47000000,655.28427000
2020-11-10,1887.51000000,1922.81000000,1877.85000000,1894.00000000,271.47675900
2020-11-11,1894.00000000,1903.85000000,1850.09000000,1879.30000000,298.17232800
2020-11-12,1879.30000000,1900.00000000,1873.22000000,1893.91000000,174.95588900
2020-11-13,1894.15000000,1907.53000000,1889.40000000,1903.00000000,174.24916100
2020-11-14,1901.71000000,1910.25000000,1899.96000000,1900.38000000,174.76073900
2020-11-15,1899.72000000,1907.49000000,1897.46000000,1900.07000000,71.68790000
2020-11-16,1900.97000000,1908.78000000,1884.03000000,1905.35000000,293.33160800
2020-11-17,1905.35000000,1910.92000000,1890.00000000,1901.04000000,261.14460800
2020-11-18,1901.12000000,1907.75000000,1871.99000000,1881.73000000,398.97404700
2020-11-19,1881.72000000,1883.86000000,1866.28000000,1870.28000000,260.62669800
2020-11-20,1870.19000000,1897.83000000,1868.01000000,1883.34000000,334.91237100
2020-11-21,1885.43000000,1891.59000000,1875.70000000,1883.86000000,213.89414300
2020-11-22,1884.14000000,1887.86000000,1878.00000000,1880.14000000,207.83979600
2020-11-23,1879.63000000,1888.01000000,1845.00000000,1854.55000000,333.96832200
2020-11-24,1853.98000000,1855.21000000,1821.00000000,1825.06000000,560.67968100
2020-11-25,1830.77000000,1845.89000000,1812.12000000,1823.00000000,396.00659300
2020-11-26,1824.07000000,1870.00000000,1810.00000000,1825.87000000,1159.86957000
2020-11-27,1826.68000000,1831.22000000,1783.00000000,1800.15000000,393.73291100
2020-11-28,1800.20000000,1806.78000000,1792.03000000,1797.10000000,233.39276700
2020-11-29,1798.91000000,1805.70000000,1790.00000000,1799.72000000,245.87070400
2020-11-30,1799.72000000,1822.89000000,1777.56000000,1797.62000000,459.33392700
2020-12-01,1796.33000000,1859.52000000,1794.96000000,1839.32000000,520.11933500
2020-12-02,1834.95000000,1859.99000000,1822.03000000,1843.70000000,410.87210500
2020-12-03,1842.70000000,1858.00000000,1836.04000000,1857.00000000,298.97426300
2020-12-04,1856.19000000,1858.00000000,1840.00000000,1843.03000000,344.98986600
2020-12-05,1844.68000000,1863.00000000,1839.87000000,1850.38000000,231.96445000
2020-12-06,1850.39000000,1852.98000000,1840.51000000,1840.79000000,209.22396700
2020-12-07,1840.86000000,1893.24000000,1835.00000000,1879.19000000,376.27631100
2020-12-08,1877.68000000,1888.52000000,1864.28000000,1876.48000000,449.43636500
2020-12-09,1877.13000000,1885.11000000,1845.00000000,1847.82000000,393.87515700
2020-12-10,1848.14000000,1869.13000000,1845.01000000,1847.10000000,232.18172900
2020-12-11,1849.44000000,1857.99000000,1840.00000000,1846.19000000,261.16870900
2020-12-12,1846.53000000,1853.02000000,1842.85000000,1850.58000000,115.91939300
2020-12-13,1850.63000000,1854.13000000,1845.00000000,1850.63000000,125.84326600
2020-12-14,1850.64000000,1851.40000000,1834.93000000,1841.50000000,141.03057400
2020-12-15,1841.97000000,1868.70000000,1837.55000000,1861.99000000,135.67998700
2020-12-16,1863.34000000,1878.59000000,1855.27000000,1869.40000000,349.61379000
2020-12-17,1869.78000000,1915.00000000,1865.33000000,1902.02000000,514.34813000
2020-12-18,1904.20000000,1912.74000000,1885.50000000,1896.39000000,377.52623200
2020-12-19,1896.56000000,1900.00000000,1883.39000000,1892.00000000,274.10088700
2020-12-20,1890.55000000,1904.10000000,1887.00000000,1900.37000000,306.12273800
2020-12-21,1901.23000000,1926.00000000,1880.00000000,1898.61000000,512.02476400
2020-12-22,1895.04000000,1915.00000000,1867.00000000,1882.65000000,406.15030400
2020-12-23,1882.62000000,1896.58000000,1871.22000000,1884.43000000,358.52331400
2020-12-24,1885.75000000,1909.61000000,1883.90000000,1891.87000000,353.10367400
2020-12-25,1894.18000000,1916.64000000,1891.84000000,1904.88000000,252.40829000
2020-12-26,1905.24000000,1923.66000000,1895.50000000,1915.05000000,378.07580800
2020-12-27,1913.74000000,1950.00000000,1912.00000000,1932.68000000,808.03574100
2020-12-28,1932.67000000,1945.00000000,1900.00000000,1918.14000000,877.00530600
2020-12-29,1917.48000000,1929.00000000,1900.00000000,1917.33000000,460.09441900
2020-12-30,1917.33000000,1935.00000000,1900.21000000,1921.30000000,513.39434500
2020-12-31,1921.32000000,1944.75000000,1910.00000000,1932.98000000,370.20576300
2021-01-01,1935.82000000,1943.11000000,1920.10000000,1942.13000000,204.14198700
2021-01-02,1940.54000000,1994.01000000,1922.56000000,1967.39000000,809.76980000
2021-01-03,1967.39000000,1994.31000000,1945.95000000,1963.50000000,617.47335800
2021-01-04,1967.85000000,2068.00000000,1958.26000000,2009.22000000,1405.20336900
2021-01-05,2009.45000000,2100.85000000,1986.95000000,2027.63000000,1588.62873100
2021-01-06,2027.68000000,2048.08000000,1928.66000000,1960.73000000,1693.58157200
2021-01-07,1960.73000000,1987.57000000,1931.49000000,1955.40000000,2258.76870300
2021-01-08,1956.94000000,1959.42000000,1843.50000000,1871.60000000,2901.66503500
2021-01-09,1871.34000000,1894.91000000,1855.00000000,1870.05000000,1072.13407300
2021-01-10,1872.90000000,1920.00000000,1870.00000000,1879.53000000,1899.95080000
2021-01-11,1877.68000000,1894.02000000,1823.99000000,1861.19000000,3339.32520400
2021-01-12,1860.62000000,1885.00000000,1845.00000000,1866.00000000,1398.12648600
2021-01-13,1866.35000000,1887.00000000,1856.00000000,1857.24000000,1152.72316600
2021-01-14,1857.27000000,1883.40000000,1849.08000000,1869.06000000,1239.57249600
2021-01-15,1867.60000000,1881.14000000,1835.78000000,1839.37000000,1187.87500300
2021-01-16,1839.53000000,1869.00000000,1837.78000000,1850.00000000,906.71917800
2021-01-17,1850.00000000,1858.00000000,1836.44000000,1837.39000000,813.39304000
2021-01-18,1838.09000000,1859.00000000,1835.00000000,1852.79000000,849.46505000
2021-01-19,1854.46000000,1884.50000000,1842.04000000,1852.00000000,1269.95510800
2021-01-20,1852.38000000,1890.00000000,1848.36000000,1883.97000000,1919.26076800
2021-01-21,1885.21000000,1898.78000000,1874.22000000,1882.13000000,2515.39457300
2021-01-22,1882.14000000,1888.56000000,1850.00000000,1863.75000000,1814.93969000
2021-01-23,1863.61000000,1872.72000000,1857.12000000,1867.61000000,646.30682600
2021-01-24,1867.15000000,1875.23000000,1855.58000000,1858.99000000,635.48061000
2021-01-25,1858.51000000,1871.99000000,1852.83000000,1859.85000000,1051.61288500
2021-01-26,1861.05000000,1872.00000000,1849.81000000,1864.98000000,754.80851200
2021-01-27,1865.05000000,1865.88000000,1841.92000000,1847.66000000,1037.22688500
2021-01-28,1846.28000000,1868.57000000,1844.57000000,1853.83000000,659.99156200
2021-01-29,1855.28000000,1880.00000000,1847.42000000,1868.20000000,1597.61799200
2021-01-30,1869.37000000,1876.00000000,1863.41000000,1865.71000000,696.75248600
2021-01-31,1866.30000000,1883.13000000,1859.99000000,1878.12000000,791.84714800
2021-02-01,1878.11000000,1886.36000000,1860.04000000,1868.04000000,1458.71881300
2021-02-02,1866.50000000,1869.76000000,1841.00000000,1850.42000000,1156.25812400
2021-02-03,1850.84000000,1855.82000000,1843.57000000,1847.95000000,980.60985100
2021-02-04,1847.96000000,1849.99000000,1801.00000000,1809.60000000,2805.77443500
2021-02-05,1809.58000000,1835.00000000,1805.12000000,1832.17000000,2110.34037800
2021-02-06,1831.94000000,1837.00000000,1824.28000000,1834.62000000,1661.78095800
2021-02-07,1834.86000000,1851.07000000,1819.63000000,1836.06000000,1532.68270400
2021-02-08,1836.04000000,1875.00000000,1822.00000000,1846.12000000,3264.94333500
2021-02-09,1846.02000000,1867.00000000,1841.67000000,1852.18000000,3694.30452600
2021-02-10,1852.18000000,1875.00000000,1844.71000000,1855.13000000,2633.58374700
2021-02-11,1855.20000000,1863.00000000,1832.80000000,1835.16000000,1469.34809300
2021-02-12,1836.64000000,1842.32000000,1818.00000000,1840.64000000,1869.31604500
2021-02-13,1839.98000000,1852.00000000,1838.01000000,1845.45000000,1110.73648600
2021-02-14,1847.37000000,1861.43000000,1838.01000000,1839.29000000,1192.92907200
2021-02-15,1839.30000000,1854.54000000,1827.27000000,1833.22000000,1741.30203800
2021-02-16,1833.22000000,1845.19000000,1810.51000000,1814.60000000,1445.99320800
2021-02-17,1815.74000000,1840.00000000,1792.00000000,1796.08000000,2307.57837700
2021-02-18,1796.08000000,1813.62000000,1783.58000000,1783.58000000,1875.20244700
2021-02-19,1784.78000000,1812.00000000,1771.11000000,1807.07000000,3041.82939100
2021-02-20,1807.05000000,1851.81000000,1801.24000000,1813.81000000,2792.40865800
2021-02-21,1815.16000000,1839.92000000,1802.00000000,1823.04000000,1600.75479400
2021-02-22,1823.05000000,1833.45000000,1801.87000000,1823.80000000,4148.23858600
2021-02-23,1824.62000000,1850.00000000,1796.87000000,1820.38000000,10018.30315500
2021-02-24,1821.41000000,1841.00000000,1790.00000000,1811.71000000,3870.12931100
2021-02-25,1812.38000000,1819.21000000,1767.80000000,1775.14000000,3200.70126300
2021-02-26,1778.56000000,1790.68000000,1730.00000000,1748.67000000,4804.03768500
2021-02-27,1749.68000000,1759.72000000,1736.21000000,1750.24000000,2147.02212900
2021-02-28,1749.26000000,1757.33000000,1732.27000000,1744.61000000,3460.72429100
2021-03-01,1744.61000000,1768.63000000,1718.80000000,1727.23000000,2990.54766300
2021-03-02,1727.23000000,1753.26000000,1712.55000000,1750.02000000,2288.38382300
2021-03-03,1748.97000000,1752.01000000,1715.17000000,1717.35000000,1874.26757000
2021-03-04,1717.34000000,1735.00000000,1700.02000000,1705.88000000,2508.87957600
2021-03-05,1705.69000000,1718.42000000,1687.57000000,1708.49000000,2156.91874500
2021-03-06,1709.23000000,1718.00000000,1702.14000000,1713.98000000,937.26835800
2021-03-07,1715.17000000,1727.25000000,1708.51000000,1717.20000000,1103.69236200
2021-03-08,1718.72000000,1750.93000000,1693.84000000,1705.97000000,2087.56018300
2021-03-09,1705.97000000,1750.62000000,1696.01000000,1729.20000000,2590.10942400
2021-03-10,1729.20000000,1744.29000000,1715.30000000,1739.56000000,1942.74050900
2021-03-11,1739.70000000,1753.26000000,1729.79000000,1743.00000000,1996.99425500
2021-03-12,1743.90000000,1744.17000000,1711.00000000,1739.16000000,1542.56353900
2021-03-13,1738.57000000,1750.00000000,1731.12000000,1745.03000000,1171.57295300
2021-03-14,1744.82000000,1750.00000000,1733.00000000,1734.93000000,898.46982300
2021-03-15,1735.90000000,1750.36000000,1726.33000000,1734.72000000,2225.42901400
2021-03-16,1734.78000000,1756.09000000,1731.67000000,1745.52000000,2357.60488600
2021-03-17,1744.32000000,1762.38000000,1735.00000000,1758.63000000,1859.67253400
2021-03-18,1758.46000000,1767.92000000,1732.41000000,1741.57000000,1511.24358100
2021-03-19,1742.98000000,1760.13000000,1738.83000000,1757.82000000,813.42176800
2021-03-20,1757.82000000,1760.10000000,1745.00000000,1754.66000000,1350.55308000
2021-03-21,1753.48000000,1760.00000000,1738.73000000,1746.58000000,1645.16584300
2021-03-22,1748.25000000,1754.00000000,1737.12000000,1740.72000000,1501.45166300
2021-03-23,1740.79000000,1750.93000000,1733.81000000,1740.00000000,1560.90655500
2021-03-24,1740.00000000,1746.91000000,1730.13000000,1737.78000000,1600.54464500
2021-03-25,1737.80000000,1748.53000000,1721.81000000,1727.59000000,2639.26710000
2021-03-26,1728.15000000,1745.00000000,1719.35000000,1740.57000000,1433.21390900
2021-03-27,1740.65000000,1742.33000000,1713.54000000,1732.78000000,1168.05299000
2021-03-28,1733.89000000,1771.83000000,1731.42000000,1746.57000000,2967.49240700
2021-03-29,1747.57000000,1757.18000000,1720.00000000,1724.69000000,2140.32922000
2021-03-30,1725.07000000,1734.00000000,1696.13000000,1701.14000000,2234.89367500
2021-03-31,1700.12000000,1725.00000000,1689.00000000,1713.55000000,1662.15083900
2021-04-01,1714.53000000,1741.78000000,1713.00000000,1741.60000000,1376.28584600
2021-04-02,1741.60000000,1745.00000000,1727.27000000,1738.86000000,1444.51951200
2021-04-03,1738.86000000,1750.74000000,1732.33000000,1734.27000000,1331.13781300
2021-04-04,1734.26000000,1806.76000000,1731.00000000,1747.87000000,1931.80915000
2021-04-05,1747.64000000,1759.98000000,1735.28000000,1743.70000000,1876.81358200
2021-04-06,1743.67000000,1762.50000000,1740.22000000,1756.41000000,2079.27791400
2021-04-07,1755.74000000,1775.14000000,1733.93000000,1754.97000000,2511.35851900
2021-04-08,1755.85000000,1785.00000000,1751.74000000,1769.62000000,2775.73755400
2021-04-09,1768.39000000,1772.08000000,1740.84000000,1752.90000000,2337.01433200
2021-04-10,1752.90000000,1769.13000000,1747.38000000,1756.28000000,1623.84848100
2021-04-11,1756.29000000,1772.91000000,1748.19000000,1755.46000000,1124.36412800
2021-04-12,1755.53000000,1763.04000000,1738.83000000,1746.80000000,2178.11787300
2021-04-13,1747.02000000,1765.00000000,1738.83000000,1751.03000000,3437.33798200
2021-04-14,1751.84000000,1760.82000000,1740.48000000,1751.14000000,2568.36692100
2021-04-15,1751.69000000,1784.70000000,1745.70000000,1770.00000000,3277.98485300
2021-04-16,1770.55000000,1799.44000000,1760.00000000,1787.61000000,3385.45697000
2021-04-17,1788.64000000,1804.99000000,1782.78000000,1789.61000000,2102.65802600
2021-04-18,1789.84000000,1805.99000000,1765.00000000,1799.95000000,6704.24228900
2021-04-19,1800.40000000,1824.24000000,1770.55000000,1783.44000000,4834.07000600
2021-04-20,1783.50000000,1802.63000000,1775.15000000,1789.39000000,5376.11159500
2021-04-21,1790.23000000,1817.00000000,1784.61000000,1816.33000000,5460.65607800
2021-04-22,1815.96000000,1828.52000000,1786.00000000,1796.12000000,8927.31846100
2021-04-23,1796.12000000,1833.00000000,1781.00000000,1806.54000000,10818.19732200
2021-04-24,1806.54000000,1807.14000000,1783.73000000,1788.65000000,3196.68465300
2021-04-25,1788.65000000,1799.70000000,1776.00000000,1781.65000000,3561.10810300
2021-04-26,1781.65000000,1801.00000000,1778.59000000,1794.34000000,6556.44402300
2021-04-27,1793.03000000,1800.00000000,1784.85000000,1791.17000000,3200.58226800
2021-04-28,1790.60000000,1799.00000000,1774.49000000,1797.19000000,3241.71387500
2021-04-29,1797.18000000,1804.68000000,1777.77000000,1786.93000000,3176.61469200
2021-04-30,1785.40000000,1791.00000000,1777.06000000,1784.38000000,3599.69245700
2021-05-01,1785.19000000,1799.00000000,1780.54000000,1790.00000000,1270.84713100
2021-05-02,1790.00000000,1791.00000000,1780.34000000,1785.98000000,1098.50797800
2021-05-03,1784.51000000,1810.00000000,1781.24000000,1801.42000000,3286.08382400
2021-05-04,1801.42000000,1805.98000000,1778.68000000,1786.03000000,5991.90577500
2021-05-05,1785.50000000,1802.99000000,1781.28000000,1798.94000000,2596.11813100
2021-05-06,1798.94000000,1839.16000000,1794.01000000,1835.79000000,3883.69298300
2021-05-07,1836.09000000,1868.14000000,1827.13000000,1860.00000000,3523.23099700
2021-05-08,1858.48000000,1874.00000000,1839.29000000,1865.68000000,2345.85812200
2021-05-09,1862.79000000,1899.00000000,1848.24000000,1891.67000000,2191.89893100
2021-05-10,1892.14000000,1902.48000000,1848.56000000,1878.77000000,4573.65352400
2021-05-11,1878.52000000,1900.00000000,1852.82000000,1861.46000000,3675.79528400
2021-05-12,1861.47000000,1867.05000000,1816.02000000,1826.58000000,5843.16242200
2021-05-13,1826.58000000,1871.98000000,1804.73000000,1858.93000000,10331.81665500
2021-05-14,1860.00000000,1878.15000000,1850.00000000,1870.08000000,5337.07659400
2021-05-15,1870.12000000,1925.03000000,1861.34000000,1882.30000000,5930.09972900
2021-05-16,1882.30000000,2039.52000000,1878.91000000,1944.81000000,9345.42830900
2021-05-17,1942.08000000,2035.00000000,1879.55000000,1899.22000000,15547.62795300
2021-05-18,1899.21000000,1912.00000000,1865.00000000,1879.42000000,11019.46058400
2021-05-19,1879.43000000,1962.80000000,1845.00000000,1867.63000000,27128.96591500
2021-05-20,1866.69000000,1900.00000000,1864.56000000,1879.67000000,16539.30680700
2021-05-21,1879.71000000,1920.00000000,1860.81000000,1899.87000000,15464.75973800
2021-05-22,1900.65000000,1916.66000000,1886.60000000,1900.80000000,7993.98118700
2021-05-23,1900.80000000,1908.80000000,1874.02000000,1894.60000000,13484.11083300
2021-05-24,1894.48000000,1898.41000000,1873.64000000,1881.36000000,11806.92303700
2021-05-25,1881.36000000,1908.06000000,1872.77000000,1898.24000000,11174.94040400
2021-05-26,1898.95000000,1920.00000000,1894.00000000,1904.08000000,5806.76421800
2021-05-27,1902.70000000,1919.00000000,1893.11000000,1904.37000000,5248.39341500
2021-05-28,1904.37000000,1925.01000000,1889.01000000,1922.41000000,8176.53186700
2021-05-29,1922.41000000,1939.50000000,1907.15000000,1932.83000000,6045.27281800
2021-05-30,1932.83000000,1938.00000000,1914.14000000,1914.16000000,4312.44150100
2021-05-31,1914.49000000,1930.00000000,1908.39000000,1916.90000000,5855.57834000
2021-06-01,1916.90000000,1921.96000000,1898.00000000,1912.49000000,5325.34213400
2021-06-02,1910.60000000,1914.00000000,1901.00000000,1911.92000000,3249.81698800
2021-06-03,1911.92000000,1914.34000000,1875.45000000,1878.92000000,4888.56797500
2021-06-04,1878.81000000,1905.48000000,1867.26000000,1902.04000000,4150.85669200
2021-06-05,1902.06000000,1908.60000000,1882.00000000,1903.63000000,3948.42042100
2021-06-06,1903.68000000,1907.99000000,1895.00000000,1898.54000000,2415.13528800
2021-06-07,1898.71000000,1905.49000000,1885.00000000,1897.14000000,4652.93785000
2021-06-08,1899.51000000,1907.36000000,1883.36000000,1894.20000000,5669.48529400
2021-06-09,1894.96000000,1907.00000000,1890.94000000,1893.01000000,4426.35210900
2021-06-10,1893.01000000,1925.00000000,1879.00000000,1899.00000000,5952.65091700
2021-06-11,1900.01000000,1911.99000000,1879.99000000,1887.64000000,4147.73173000
2021-06-12,1887.59000000,1898.20000000,1879.00000000,1889.80000000,2962.57612000
2021-06-13,1889.79000000,1895.33000000,1876.50000000,1881.06000000,3048.87332800
2021-06-14,1881.99000000,1883.07000000,1853.39000000,1872.69000000,4236.09771200
2021-06-15,1872.69000000,1874.00000000,1856.00000000,1859.23000000,2256.54819600
2021-06-16,1859.97000000,1869.00000000,1815.00000000,1825.00000000,4309.29880900
2021-06-17,1824.54000000,1829.99000000,1771.00000000,1790.86000000,6275.62865700
2021-06-18,1790.86000000,1809.08000000,1760.00000000,1774.28000000,6613.19104300
2021-06-19,1773.61000000,1779.35000000,1767.00000000,1771.44000000,2202.05866200
2021-06-20,1771.28000000,1778.97000000,1766.03000000,1778.00000000,2794.28349100
2021-06-21,1778.00000000,1799.00000000,1766.80000000,1787.52000000,9467.37418800
2021-06-22,1785.86000000,1802.71000000,1767.75000000,1780.41000000,8846.03153500
2021-06-23,1780.37000000,1797.99000000,1777.40000000,1781.69000000,3690.38534500
2021-06-24,1781.95000000,1792.20000000,1770.00000000,1777.46000000,3141.35274200
2021-06-25,1777.07000000,1792.00000000,1775.00000000,1778.36000000,4531.32881900
2021-06-26,1779.09000000,1783.67000000,1770.00000000,1780.85000000,2373.60404200
2021-06-27,1782.36000000,1799.00000000,1772.60000000,1790.49000000,2597.05820700
2021-06-28,1791.74000000,1795.68000000,1773.75000000,1785.61000000,3518.39608100
2021-06-29,1785.61000000,1790.90000000,1760.02000000,1767.58000000,4205.32959500
2021-06-30,1767.58000000,1815.00000000,1757.58000000,1777.22000000,5793.14648400
2021-07-01,1777.88000000,1786.38000000,1771.01000000,1776.90000000,2736.70277800
2021-07-02,1776.88000000,1796.66000000,1776.08000000,1792.59000000,2699.55755600
2021-07-03,1792.98000000,1808.63000000,1787.22000000,1792.79000000,1415.22409000
2021-07-04,1792.79000000,1801.49000000,1789.02000000,1795.44000000,1590.49142900
2021-07-05,1795.13000000,1803.47000000,1788.00000000,1792.02000000,3337.32909700
2021-07-06,1792.02000000,1815.00000000,1790.90000000,1800.25000000,2805.92915600
2021-07-07,1801.50000000,1813.33000000,1796.96000000,1806.19000000,2105.74295900
2021-07-08,1806.35000000,1831.36000000,1799.65000000,1812.63000000,4830.67829900
2021-07-09,1812.80000000,1817.91000000,1803.33000000,1815.80000000,1918.93655500
2021-07-10,1817.15000000,1821.33000000,1804.49000000,1810.18000000,1716.51669600
2021-07-11,1810.56000000,1819.01000000,1808.00000000,1811.69000000,1176.63629900
2021-07-12,1811.69000000,1814.49000000,1797.33000000,1808.72000000,2150.77198700
2021-07-13,1808.72000000,1818.99000000,1803.33000000,1810.37000000,2015.61896500
2021-07-14,1810.37000000,1837.40000000,1804.04000000,1832.06000000,6282.92461100
2021-07-15,1832.48000000,1841.00000000,1825.01000000,1837.52000000,4483.24854000
2021-07-16,1837.65000000,1839.10000000,1812.00000000,1812.23000000,3329.97457800
2021-07-17,1812.10000000,1820.12000000,1811.00000000,1813.74000000,1216.76400700
2021-07-18,1813.74000000,1820.50000000,1811.48000000,1817.43000000,1390.58204500
2021-07-19,1818.56000000,1821.00000000,1797.00000000,1818.52000000,3408.28222900
2021-07-20,1818.56000000,1834.74000000,1799.00000000,1809.83000000,7962.68614100
2021-07-21,1809.83000000,1820.15000000,1802.00000000,1807.12000000,3701.60744200
2021-07-22,1807.15000000,1816.56000000,1797.33000000,1807.32000000,1657.13502600
2021-07-23,1808.53000000,1815.67000000,1785.46000000,1812.38000000,2754.42805000
2021-07-24,1812.98000000,1814.66000000,1803.31000000,1812.53000000,1223.80847900
2021-07-25,1812.50000000,1814.41000000,1804.02000000,1810.17000000,988.45159200
2021-07-26,1810.44000000,1821.92000000,1796.88000000,1802.98000000,4698.73654400
2021-07-27,1801.93000000,1810.33000000,1799.51000000,1808.99000000,2534.64303000
2021-07-28,1808.98000000,1817.96000000,1800.00000000,1812.51000000,2368.64376700
2021-07-29,1813.04000000,1840.00000000,1801.00000000,1834.36000000,2378.20324600
2021-07-30,1833.53000000,1838.58000000,1800.00000000,1822.85000000,2568.74765100
2021-07-31,1823.96000000,1826.18000000,1814.00000000,1818.55000000,1370.16137500
2021-08-01,1819.28000000,1824.10000000,1809.00000000,1814.13000000,1526.91540300
2021-08-02,1814.71000000,1824.00000000,1804.03000000,1818.44000000,1822.95402100
2021-08-03,1817.94000000,1818.94000000,1805.99000000,1812.70000000,1332.46598500
2021-08-04,1812.70000000,1835.93000000,1810.75000000,1818.34000000,2219.07712600
2021-08-05,1818.35000000,1818.45000000,1805.01000000,1808.43000000,1989.87295800
2021-08-06,1809.42000000,1822.12000000,1765.53000000,1770.01000000,4982.72259000
2021-08-07,1771.56000000,1778.81000000,1766.10000000,1774.09000000,2394.93291800
2021-08-08,1775.47000000,1782.50000000,1700.36000000,1731.66000000,5320.67097200
2021-08-09,1731.66000000,1760.00000000,1718.11000000,1743.25000000,4597.30758800
2021-08-10,1742.73000000,1749.90000000,1727.97000000,1738.02000000,2101.16905400
2021-08-11,1738.02000000,1764.69000000,1729.78000000,1756.72000000,2371.56344800
2021-08-12,1756.72000000,1763.47000000,1746.00000000,1759.81000000,2787.13269000
2021-08-13,1759.60000000,1790.00000000,1755.10000000,1782.99000000,2156.96344100
2021-08-14,1782.99000000,1785.06000000,1767.07000000,1774.94000000,1517.54946400
2021-08-15,1775.94000000,1782.00000000,1767.76000000,1779.79000000,1455.05276300
2021-08-16,1779.79000000,1792.75000000,1767.00000000,1791.48000000,2056.11559900
2021-08-17,1791.47000000,1800.46000000,1780.09000000,1785.57000000,2489.79963800
2021-08-18,1785.57000000,1802.00000000,1753.47000000,1789.72000000,3196.99541600
2021-08-19,1791.21000000,1793.00000000,1763.30000000,1783.47000000,1860.10404700
2021-08-20,1783.40000000,1793.00000000,1778.00000000,1785.39000000,1654.23593100
2021-08-21,1785.39000000,1792.50000000,1780.86000000,1787.57000000,997.93214500
2021-08-22,1786.64000000,1788.63000000,1772.65000000,1781.70000000,780.33465600
2021-08-23,1781.59000000,1809.50000000,1780.85000000,1806.06000000,1854.79782800
2021-08-24,1805.16000000,1811.19000000,1800.00000000,1802.71000000,1062.99108100
2021-08-25,1801.40000000,1805.00000000,1788.27000000,1797.46000000,1175.81332100
2021-08-26,1797.34000000,1806.00000000,1784.00000000,1798.00000000,2206.92549800
2021-08-27,1799.00000000,1823.00000000,1791.00000000,1822.00000000,2893.44485300
2021-08-28,1822.00000000,1824.00000000,1816.00000000,1820.00000000,586.70070000
2021-08-29,1820.00000000,1825.00000000,1814.00000000,1819.00000000,827.75320000
2021-08-30,1819.00000000,1824.00000000,1810.00000000,1814.00000000,1301.91330000
2021-08-31,1815.00000000,1825.00000000,1803.00000000,1816.00000000,1994.70460000
2021-09-01,1817.00000000,1825.00000000,1812.00000000,1820.00000000,2096.23970000
2021-09-02,1820.00000000,1823.00000000,1808.00000000,1816.00000000,1455.65410000
2021-09-03,1815.00000000,1836.00000000,1805.00000000,1830.00000000,2308.13170000
2021-09-04,1830.00000000,1835.00000000,1823.00000000,1824.00000000,1014.40030000
2021-09-05,1825.00000000,1837.96000000,1822.00000000,1828.00000000,1448.57340000
2021-09-06,1829.00000000,1847.31000000,1820.00000000,1826.00000000,3859.23953300
2021-09-07,1827.00000000,1832.00000000,1781.00000000,1791.00000000,4421.85930000
2021-09-08,1793.00000000,1802.00000000,1778.00000000,1789.00000000,2689.25910000
2021-09-09,1789.00000000,1803.00000000,1787.00000000,1796.00000000,2229.66920000
2021-09-10,1796.00000000,1806.00000000,1788.00000000,1794.00000000,2759.08900000
2021-09-11,1793.00000000,1805.00000000,1788.00000000,1798.00000000,1370.23750000
2021-09-12,1799.00000000,1812.00000000,1778.00000000,1793.00000000,2986.92580000
2021-09-13,1794.00000000,1807.00000000,1786.00000000,1799.00000000,3147.34560000
2021-09-14,1800.00000000,1813.00000000,1785.00000000,1805.00000000,2535.06860000
2021-09-15,1805.00000000,1810.00000000,1794.00000000,1798.00000000,1816.47790000
2021-09-16,1798.00000000,1802.00000000,1755.00000000,1764.00000000,3231.12110000
2021-09-17,1764.00000000,1777.00000000,1755.00000000,1765.00000000,2065.72350000
2021-09-18,1765.00000000,1773.00000000,1757.00000000,1768.00000000,1501.49730000
2021-09-19,1768.00000000,1775.00000000,1759.00000000,1764.00000000,1106.15480000
2021-09-20,1764.00000000,1790.00000000,1747.00000000,1776.00000000,6593.37523700
2021-09-21,1777.00000000,1790.00000000,1760.00000000,1783.00000000,5540.61610000
2021-09-22,1783.00000000,1792.00000000,1770.00000000,1770.00000000,3762.52320000
2021-09-23,1771.00000000,1782.00000000,1744.00000000,1756.00000000,3124.87533000
2021-09-24,1756.00000000,1766.00000000,1747.00000000,1759.00000000,2895.86510000
2021-09-25,1759.00000000,1764.00000000,1751.00000000,1756.00000000,1339.49440000
2021-09-26,1757.00000000,1762.00000000,1750.00000000,1757.00000000,1911.28930000
2021-09-27,1757.00000000,1770.00000000,1753.00000000,1758.00000000,1768.53760000
2021-09-28,1759.00000000,1762.00000000,1738.00000000,1745.00000000,1711.64675200
2021-09-29,1745.00000000,1755.00000000,1731.00000000,1739.00000000,1992.05751800
2021-09-30,1739.00000000,1770.00000000,1730.00000000,1763.00000000,2902.01049500
2021-10-01,1762.00000000,1770.00000000,1750.00000000,1765.00000000,2440.19810000
2021-10-02,1765.00000000,1770.00000000,1761.00000000,1764.00000000,966.10660000
2021-10-03,1764.00000000,1774.00000000,1762.00000000,1771.00000000,1021.44070000
2021-10-04,1772.00000000,1779.00000000,1730.00000000,1773.00000000,2740.29030000
2021-10-05,1773.00000000,1776.00000000,1755.00000000,1764.00000000,1339.20520000
2021-10-06,1763.00000000,1771.00000000,1750.00000000,1765.00000000,2397.16400000
2021-10-07,1765.00000000,1773.00000000,1754.00000000,1759.00000000,1690.48670000
2021-10-08,1760.00000000,1784.00000000,1748.00000000,1762.00000000,2246.77380000
2021-10-09,1762.00000000,1767.00000000,1760.00000000,1762.00000000,809.39730000
2021-10-10,1763.00000000,1766.00000000,1757.00000000,1758.00000000,935.48970000
2021-10-11,1759.00000000,1767.00000000,1755.00000000,1760.00000000,2079.20670000
2021-10-12,1760.00000000,1774.00000000,1757.00000000,1764.00000000,1741.38660000
2021-10-13,1765.00000000,1801.00000000,1762.00000000,1796.00000000,2002.35010000
2021-10-14,1796.00000000,1810.00000000,1788.00000000,1800.00000000,1297.06010000
2021-10-15,1801.00000000,1805.00000000,1767.00000000,1775.00000000,2590.96470000
2021-10-16,1774.00000000,1783.00000000,1768.00000000,1771.00000000,2009.18370000
2021-10-17,1771.00000000,1780.00000000,1768.00000000,1776.00000000,1750.92560000
2021-10-18,1776.00000000,1780.00000000,1764.00000000,1770.00000000,1776.06590000
2021-10-19,1770.00000000,1789.00000000,1768.00000000,1776.00000000,1628.18930000
2021-10-20,1778.00000000,1793.00000000,1774.00000000,1783.00000000,2789.91480000
2021-10-21,1783.00000000,1795.00000000,1779.00000000,1787.00000000,2028.75290000
2021-10-22,1787.00000000,1819.00000000,1786.00000000,1797.00000000,1919.24440000
2021-10-23,1798.00000000,1802.00000000,1792.00000000,1799.00000000,713.46010000
2021-10-24,1800.00000000,1802.00000000,1791.00000000,1801.00000000,992.20090000
2021-10-25,1802.00000000,1818.00000000,1791.00000000,1812.00000000,1334.50470000
2021-10-26,1813.00000000,1820.00000000,1786.00000000,1795.00000000,1549.44900000
2021-10-27,1795.00000000,1809.00000000,1788.00000000,1802.00000000,1648.33080000
2021-10-28,1802.00000000,1812.00000000,1796.00000000,1802.00000000,2239.52270000
2021-10-29,1802.00000000,1805.00000000,1775.00000000,1782.00000000,2132.20030000
2021-10-30,1783.00000000,1792.00000000,1777.00000000,1786.00000000,1731.73890000
2021-10-31,1785.00000000,1787.00000000,1777.00000000,1779.00000000,991.93070000
2021-11-01,1779.00000000,1797.00000000,1777.00000000,1791.00000000,1409.60950000
2021-11-02,1791.00000000,1797.00000000,1782.00000000,1789.00000000,1615.58640000
2021-11-03,1789.00000000,1791.00000000,1762.00000000,1778.00000000,2751.76140000
2021-11-04,1778.00000000,1797.00000000,1771.00000000,1792.00000000,1500.71350000
2021-11-05,1791.00000000,1825.00000000,1786.00000000,1817.00000000,1778.91400000
2021-11-06,1818.00000000,1823.00000000,1809.00000000,1819.00000000,1120.16810000
2021-11-07,1820.00000000,1822.00000000,1810.00000000,1817.00000000,1108.41500000
2021-11-08,1817.00000000,1832.00000000,1813.00000000,1826.00000000,1733.94200000
2021-11-09,1826.00000000,1839.00000000,1822.00000000,1832.00000000,3685.37880000
2021-11-10,1832.00000000,1866.00000000,1822.00000000,1852.00000000,3777.66398400
2021-11-11,1852.00000000,1871.00000000,1845.00000000,1862.00000000,2305.51060000
2021-11-12,1862.00000000,1875.00000000,1844.00000000,1871.00000000,2104.32720000
2021-11-13,1871.00000000,1875.00000000,1868.00000000,1872.00000000,1114.60380000
2021-11-14,1873.00000000,1875.00000000,1866.00000000,1872.00000000,835.14640000
2021-11-15,1873.00000000,1878.00000000,1861.00000000,1869.00000000,1552.13390000
2021-11-16,1869.00000000,1885.00000000,1852.00000000,1857.00000000,3652.81498500
2021-11-17,1857.00000000,1872.00000000,1850.00000000,1868.00000000,2610.08700000
2021-11-18,1868.00000000,1876.00000000,1851.00000000,1859.00000000,2722.72190000
2021-11-19,1859.00000000,1867.00000000,1837.00000000,1846.00000000,2376.50060000
2021-11-20,1845.00000000,1851.00000000,1838.00000000,1843.00000000,1109.94210000
2021-11-21,1844.00000000,1852.00000000,1840.00000000,1843.00000000,1296.14460000
2021-11-22,1844.00000000,1850.00000000,1793.00000000,1811.00000000,3055.94650000
2021-11-23,1811.00000000,1819.00000000,1783.00000000,1792.00000000,2928.92940000
2021-11-24,1792.00000000,1800.00000000,1778.00000000,1792.00000000,1300.66810000
2021-11-25,1792.00000000,1798.00000000,1787.00000000,1796.00000000,1271.81830000
2021-11-26,1796.00000000,1818.00000000,1783.00000000,1795.00000000,4586.89370000
2021-11-27,1795.00000000,1799.00000000,1788.00000000,1792.00000000,1160.28160000
2021-11-28,1791.00000000,1798.00000000,1781.00000000,1794.00000000,1518.03490000
2021-11-29,1794.00000000,1799.00000000,1783.00000000,1789.00000000,1474.58400000
2021-11-30,1789.00000000,1817.00000000,1769.00000000,1776.00000000,2516.28560000
2021-12-01,1776.00000000,1795.00000000,1774.00000000,1784.00000000,2184.73350000
2021-12-02,1784.00000000,1785.00000000,1760.00000000,1772.00000000,2320.67270000
2021-12-03,1773.00000000,1790.00000000,1763.00000000,1781.00000000,3905.04930000
2021-12-04,1782.00000000,1789.00000000,1760.00000000,1781.00000000,7192.19760000
2021-12-05,1780.00000000,1790.00000000,1770.00000000,1783.00000000,3064.80500000
2021-12-06,1784.00000000,1799.00000000,1776.00000000,1785.00000000,3207.45050000
2021-12-07,1783.00000000,1799.00000000,1774.00000000,1789.00000000,1722.84440000
2021-12-08,1789.00000000,1800.00000000,1780.00000000,1785.00000000,1741.67070000
2021-12-09,1786.00000000,1793.00000000,1770.00000000,1774.00000000,2512.80140000
2021-12-10,1774.00000000,1797.00000000,1768.00000000,1783.00000000,2480.13050000
2021-12-11,1783.00000000,1788.00000000,1780.00000000,1785.00000000,1414.77420000
2021-12-12,1784.00000000,1786.00000000,1778.00000000,1784.00000000,701.57120000
2021-12-13,1784.00000000,1796.00000000,1782.00000000,1789.00000000,2280.92800000
2021-12-14,1789.00000000,1797.00000000,1769.00000000,1775.00000000,2815.47070000
2021-12-15,1775.00000000,1787.00000000,1759.00000000,1779.00000000,2661.81500000
2021-12-16,1779.00000000,1803.00000000,1775.00000000,1800.00000000,2037.90390000
2021-12-17,1800.00000000,1828.00000000,1798.00000000,1804.00000000,4704.87310000
2021-12-18,1804.00000000,1811.00000000,1799.00000000,1803.00000000,1436.39360000
2021-12-19,1803.00000000,1810.00000000,1796.00000000,1804.00000000,1480.45230000
2021-12-20,1803.00000000,1814.00000000,1793.00000000,1799.00000000,2231.45890000
2021-12-21,1800.00000000,1806.00000000,1785.00000000,1796.00000000,2473.92650000
2021-12-22,1794.00000000,1812.00000000,1781.00000000,1807.00000000,2166.23990000
2021-12-23,1806.00000000,1819.00000000,1802.00000000,1815.00000000,2082.78260000
2021-12-24,1816.00000000,1817.00000000,1804.00000000,1817.00000000,1815.22270000
2021-12-25,1817.00000000,1818.00000000,1813.00000000,1816.00000000,722.64690000
2021-12-26,1817.00000000,1821.00000000,1809.00000000,1814.00000000,1093.24120000
2021-12-27,1814.00000000,1825.00000000,1808.00000000,1819.00000000,1193.01880000
2021-12-28,1818.00000000,1826.00000000,1808.00000000,1812.00000000,2167.65600000
2021-12-29,1812.00000000,1819.00000000,1797.00000000,1812.00000000,1896.07850000
2021-12-30,1812.00000000,1826.00000000,1802.00000000,1824.00000000,1749.49940000
2021-12-31,1824.00000000,1839.00000000,1819.00000000,1835.00000000,1379.68030000
2022-01-01,1835.00000000,1843.00000000,1831.00000000,1837.00000000,927.45730000
2022-01-02,1837.00000000,1840.00000000,1832.00000000,1835.00000000,930.43030000
2022-01-03,1836.00000000,1839.00000000,1801.00000000,1809.00000000,1596.50550000
2022-01-04,1810.00000000,1822.00000000,1803.00000000,1817.00000000,1308.97760000
2022-01-05,1818.00000000,1869.00000000,1802.00000000,1816.00000000,3280.63060000
2022-01-06,1816.00000000,1869.00000000,1772.00000000,1797.00000000,7057.43300000
2022-01-07,1797.00000000,1807.00000000,1783.00000000,1805.00000000,2916.67190000
2022-01-08,1805.00000000,1805.00000000,1793.00000000,1798.00000000,1454.38520000
2022-01-09,1798.00000000,1802.00000000,1791.00000000,1797.00000000,1337.41270000
2022-01-10,1797.00000000,1811.00000000,1791.00000000,1804.00000000,3399.21830000
2022-01-11,1804.00000000,1830.00000000,1803.00000000,1822.00000000,2038.93710000
2022-01-12,1823.00000000,1839.00000000,1814.00000000,1833.00000000,2164.50580000
2022-01-13,1833.00000000,1836.00000000,1810.00000000,1825.00000000,1859.76180000
2022-01-14,1826.00000000,1836.00000000,1821.00000000,1825.00000000,1193.11430000
2022-01-15,1825.00000000,1828.00000000,1820.00000000,1826.00000000,559.55850000
2022-01-16,1826.00000000,1827.00000000,1823.00000000,1825.00000000,434.20630000
2022-01-17,1824.00000000,1830.00000000,1819.00000000,1821.00000000,1134.11620000
2022-01-18,1822.00000000,1831.00000000,1812.00000000,1821.00000000,1408.25900000
2022-01-19,1822.00000000,1859.00000000,1814.00000000,1846.00000000,2436.18650000
2022-01-20,1847.00000000,1862.00000000,1836.00000000,1845.00000000,2270.30820000
2022-01-21,1845.00000000,1857.00000000,1830.00000000,1842.00000000,5358.16570000
2022-01-22,1843.00000000,1850.00000000,1830.00000000,1840.00000000,4788.57070000
2022-01-23,1840.00000000,1846.00000000,1830.00000000,1844.00000000,2998.28450000
2022-01-24,1843.00000000,1854.00000000,1836.00000000,1849.00000000,5007.12830000
2022-01-25,1848.00000000,1863.00000000,1839.00000000,1855.00000000,2916.38950000
2022-01-26,1858.00000000,1864.00000000,1826.00000000,1832.00000000,6659.16870000
2022-01-27,1833.00000000,1840.00000000,1801.00000000,1809.00000000,3928.19230000
2022-01-28,1807.00000000,1813.00000000,1787.00000000,1796.00000000,3106.50550000
2022-01-29,1796.00000000,1801.00000000,1789.00000000,1797.00000000,1532.83310000
2022-01-30,1798.00000000,1803.00000000,1792.00000000,1799.00000000,1032.16460000
2022-01-31,1798.00000000,1812.00000000,1790.00000000,1807.00000000,1794.87940000
2022-02-01,1807.00000000,1817.00000000,1799.00000000,1805.00000000,1678.49960000
2022-02-02,1805.00000000,1820.00000000,1801.00000000,1813.00000000,2124.42560000
2022-02-03,1814.00000000,1817.00000000,1797.00000000,1814.00000000,1622.11520000
2022-02-04,1814.00000000,1822.00000000,1800.00000000,1817.00000000,2814.81960000
2022-02-05,1816.00000000,1821.00000000,1811.00000000,1816.00000000,1754.47100000
2022-02-06,1817.00000000,1821.00000000,1808.00000000,1816.00000000,1605.97840000
2022-02-07,1817.00000000,1830.00000000,1794.00000000,1824.00000000,2724.72410000
2022-02-08,1824.00000000,1836.00000000,1817.00000000,1831.00000000,2263.36580000
2022-02-09,1832.00000000,1844.00000000,1828.00000000,1838.00000000,1541.98890000
2022-02-10,1839.00000000,1847.00000000,1827.00000000,1833.00000000,2573.75410000
2022-02-11,1833.00000000,1875.00000000,1827.00000000,1868.00000000,4772.54600000
2022-02-12,1868.00000000,1892.00000000,1862.00000000,1874.00000000,6569.27565300
2022-02-13,1877.00000000,1913.00000000,1870.00000000,1888.00000000,2898.22520000
2022-02-14,1888.00000000,1888.00000000,1858.00000000,1881.00000000,6424.58990000
2022-02-15,1881.00000000,1891.00000000,1845.00000000,1855.00000000,5578.99000000
2022-02-16,1855.00000000,1884.00000000,1849.00000000,1876.00000000,3757.41740000
2022-02-17,1877.00000000,1923.00000000,1873.00000000,1916.00000000,6496.54970000
2022-02-18,1916.00000000,1919.00000000,1895.00000000,1912.00000000,6737.90020000
2022-02-19,1912.00000000,1920.00000000,1906.00000000,1917.00000000,3261.55060000
2022-02-20,1917.00000000,1951.00000000,1911.00000000,1939.00000000,7656.26463400
2022-02-21,1939.00000000,1978.00000000,1908.00000000,1954.00000000,9123.01396800
2022-02-22,1954.00000000,1976.00000000,1901.00000000,1906.00000000,10545.19770000
2022-02-23,1906.00000000,1927.00000000,1895.00000000,1919.00000000,5507.27700000
2022-02-24,1919.00000000,2076.00000000,1903.00000000,1935.00000000,52033.77177300
2022-02-25,1934.00000000,1944.00000000,1888.00000000,1892.00000000,11676.62440000
2022-02-26,1892.00000000,1902.00000000,1881.00000000,1890.00000000,4634.79010000
2022-02-27,1891.00000000,1929.00000000,1882.00000000,1917.00000000,10317.56080000
2022-02-28,1917.00000000,1926.00000000,1878.00000000,1895.00000000,12830.49920000
2022-03-01,1895.00000000,1939.00000000,1880.00000000,1928.00000000,11024.79120000
2022-03-02,1929.00000000,1939.00000000,1906.00000000,1925.00000000,7216.03060000
2022-03-03,1925.00000000,1937.00000000,1915.00000000,1934.00000000,5457.07580000
2022-03-04,1934.00000000,1972.00000000,1930.00000000,1967.00000000,8598.81810000
2022-03-05,1968.00000000,1976.00000000,1963.00000000,1971.00000000,5034.98340000
2022-03-06,1971.00000000,1990.00000000,1968.00000000,1989.00000000,5807.32190000
2022-03-07,1990.00000000,2015.00000000,1970.00000000,2003.00000000,20701.22490000
2022-03-08,2004.00000000,2071.00000000,1989.00000000,2053.00000000,22744.84920000
2022-03-09,2053.00000000,2059.00000000,1982.00000000,1994.00000000,16582.31880000
2022-03-10,1994.00000000,2015.00000000,1975.00000000,1997.00000000,14496.83230000
2022-03-11,1998.00000000,2003.00000000,1961.00000000,1986.00000000,11168.77030000
2022-03-12,1986.00000000,1991.00000000,1984.00000000,1991.00000000,2861.10790000
2022-03-13,1990.00000000,2000.00000000,1980.00000000,1984.00000000,5186.83380000
2022-03-14,1984.00000000,1988.00000000,1955.00000000,1958.00000000,5307.31960000
2022-03-15,1958.00000000,1959.00000000,1910.00000000,1925.00000000,7209.48740000
2022-03-16,1926.00000000,1940.00000000,1900.00000000,1937.00000000,7249.44800000
2022-03-17,1937.00000000,1956.00000000,1934.00000000,1950.00000000,4552.74380000
2022-03-18,1950.00000000,1951.00000000,1918.00000000,1922.00000000,5542.88820000
2022-03-19,1922.00000000,1928.00000000,1912.00000000,1915.00000000,2208.18990000
2022-03-20,1916.00000000,1928.00000000,1912.00000000,1923.00000000,2656.38230000
2022-03-21,1923.00000000,1943.00000000,1916.00000000,1935.00000000,4825.91900000
2022-03-22,1936.00000000,1941.00000000,1912.00000000,1919.00000000,3260.00060000
2022-03-23,1920.00000000,1951.00000000,1916.00000000,1947.00000000,3820.52400000
2022-03-24,1947.00000000,1969.00000000,1935.00000000,1958.00000000,6159.41620000
2022-03-25,1958.00000000,1965.00000000,1944.00000000,1959.00000000,4894.12700000
2022-03-26,1959.00000000,1967.00000000,1956.00000000,1964.00000000,1504.01960000
2022-03-27,1964.00000000,1966.00000000,1947.00000000,1953.00000000,3212.39650000
2022-03-28,1954.00000000,1958.00000000,1918.00000000,1926.00000000,6249.12110000
2022-03-29,1926.00000000,1931.00000000,1892.00000000,1917.00000000,6039.54810000
2022-03-30,1917.00000000,1939.00000000,1914.00000000,1930.00000000,2516.89700000
2022-03-31,1931.00000000,1955.00000000,1919.00000000,1937.00000000,3540.49750000
2022-04-01,1937.00000000,1939.00000000,1916.00000000,1923.00000000,3149.94720000
2022-04-02,1923.00000000,1925.00000000,1918.00000000,1922.00000000,1744.77600000
2022-04-03,1922.00000000,1928.00000000,1913.00000000,1923.00000000,1742.50890000
2022-04-04,1923.00000000,1935.00000000,1918.00000000,1931.00000000,2516.48370000
2022-04-05,1931.00000000,1940.00000000,1917.00000000,1919.00000000,2177.09660000
2022-04-06,1919.00000000,1933.00000000,1915.00000000,1923.00000000,4083.89160000
2022-04-07,1923.00000000,1938.00000000,1921.00000000,1930.00000000,2087.56470000
2022-04-08,1931.00000000,1949.00000000,1928.00000000,1947.00000000,2683.29310000
2022-04-09,1947.00000000,1954.00000000,1945.00000000,1946.00000000,1150.04060000
2022-04-10,1946.00000000,1956.00000000,1940.00000000,1942.00000000,1515.41680000
2022-04-11,1943.00000000,1968.00000000,1940.00000000,1953.00000000,6447.80770000
2022-04-12,1953.00000000,1978.00000000,1949.00000000,1968.00000000,6379.38700000
2022-04-13,1968.00000000,1982.00000000,1964.00000000,1979.00000000,4340.15570000
2022-04-14,1980.00000000,1982.00000000,1962.00000000,1976.00000000,3068.37430000
2022-04-15,1976.00000000,1981.00000000,1973.00000000,1980.00000000,1216.95010000
2022-04-16,1980.00000000,1982.00000000,1976.00000000,1979.00000000,1168.81840000
2022-04-17,1980.00000000,1988.00000000,1977.00000000,1987.00000000,1261.58800000
2022-04-18,1988.00000000,1999.00000000,1977.00000000,1980.00000000,6143.22970000
2022-04-19,1980.00000000,1987.00000000,1951.00000000,1953.00000000,4398.97620000
2022-04-20,1954.00000000,1966.00000000,1945.00000000,1964.00000000,2895.72090000
2022-04-21,1964.00000000,1964.00000000,1933.00000000,1958.00000000,3857.34770000
2022-04-22,1958.00000000,1959.00000000,1930.00000000,1935.00000000,3017.14830000
2022-04-23,1935.00000000,1940.00000000,1928.00000000,1934.00000000,1169.45680000
2022-04-24,1935.00000000,1940.00000000,1930.00000000,1935.00000000,896.54600000
2022-04-25,1935.00000000,1935.00000000,1895.00000000,1909.00000000,6510.85090000
2022-04-26,1908.00000000,1915.00000000,1880.00000000,1908.00000000,3461.22580000
2022-04-27,1908.00000000,1910.00000000,1885.00000000,1892.00000000,2607.14420000
2022-04-28,1891.00000000,1902.00000000,1880.00000000,1898.00000000,2426.88000000
2022-04-29,1898.00000000,1927.00000000,1896.00000000,1906.00000000,2972.59920000
2022-04-30,1906.00000000,1910.00000000,1897.00000000,1899.00000000,1253.41500000
2022-05-01,1899.00000000,1910.00000000,1893.00000000,1905.00000000,1538.90130000
2022-05-02,1905.00000000,1906.00000000,1856.00000000,1871.00000000,4037.79940000
2022-05-03,1871.00000000,1879.00000000,1851.00000000,1871.00000000,3139.85300000
2022-05-04,1871.00000000,1893.00000000,1864.00000000,1892.00000000,2196.27920000
2022-05-05,1892.00000000,1908.00000000,1870.00000000,1878.00000000,3291.69240000
2022-05-06,1878.00000000,1894.00000000,1869.00000000,1885.00000000,2689.08190000
2022-05-07,1885.00000000,1903.00000000,1879.00000000,1887.00000000,1399.62790000
2022-05-08,1887.00000000,1896.00000000,1881.00000000,1885.00000000,2331.77720000
2022-05-09,1885.00000000,1886.00000000,1847.00000000,1856.00000000,5529.90930000
2022-05-10,1856.00000000,1867.00000000,1832.00000000,1835.00000000,5855.19250000
2022-05-11,1835.00000000,1872.00000000,1821.00000000,1860.00000000,10376.27780000
2022-05-12,1859.00000000,1954.00000000,1823.00000000,1836.00000000,23562.69990000
2022-05-13,1838.00000000,1855.00000000,1800.00000000,1811.00000000,7265.77530000
2022-05-14,1811.00000000,1829.00000000,1807.00000000,1813.00000000,1748.89970000
2022-05-15,1814.00000000,1821.00000000,1804.00000000,1811.00000000,1317.52220000
2022-05-16,1811.00000000,1830.00000000,1791.00000000,1828.00000000,3006.43710000
2022-05-17,1828.00000000,1841.00000000,1818.00000000,1820.00000000,3474.39130000
2022-05-18,1820.00000000,1833.00000000,1810.00000000,1819.00000000,2269.79940000
2022-05-19,1819.00000000,1855.00000000,1815.00000000,1853.00000000,6320.43320000
2022-05-20,1853.00000000,1855.00000000,1836.00000000,1853.00000000,2716.73120000
2022-05-21,1854.00000000,1858.00000000,1849.00000000,1855.00000000,929.75050000
2022-05-22,1855.00000000,1859.00000000,1846.00000000,1853.00000000,1268.42250000
2022-05-23,1854.00000000,1871.00000000,1847.00000000,1856.00000000,2343.77370000
2022-05-24,1856.00000000,1877.00000000,1853.00000000,1870.00000000,2077.62580000
2022-05-25,1870.00000000,1871.00000000,1847.00000000,1857.00000000,1704.84510000
2022-05-26,1857.00000000,1866.00000000,1843.00000000,1853.00000000,2753.70240000
2022-05-27,1853.00000000,1867.00000000,1846.00000000,1853.00000000,2406.29650000
2022-05-28,1853.00000000,1863.00000000,1849.00000000,1855.00000000,694.74060000
2022-05-29,1856.00000000,1861.00000000,1849.00000000,1850.00000000,606.42430000
2022-05-30,1850.00000000,1867.00000000,1850.00000000,1858.00000000,1636.95770000
2022-05-31,1858.00000000,1867.00000000,1833.00000000,1837.00000000,1788.75290000
2022-06-01,1838.00000000,1854.00000000,1821.00000000,1852.00000000,1860.29660000
2022-06-02,1851.00000000,1874.00000000,1847.00000000,1870.00000000,1423.94900000
2022-06-03,1870.00000000,1877.00000000,1851.00000000,1857.00000000,1237.80410000
2022-06-04,1857.00000000,1870.00000000,1850.00000000,1862.00000000,610.41210000
2022-06-05,1862.00000000,1875.00000000,1853.00000000,1855.00000000,883.04650000
2022-06-06,1854.00000000,1865.00000000,1843.00000000,1844.00000000,1981.19730000
2022-06-07,1844.00000000,1862.00000000,1834.00000000,1857.00000000,2188.25650000
2022-06-08,1857.00000000,1863.00000000,1844.00000000,1857.00000000,1677.80820000
2022-06-09,1858.00000000,1859.00000000,1842.00000000,1847.00000000,1109.35980000
2022-06-10,1847.00000000,1878.00000000,1830.00000000,1872.00000000,2525.69280000
2022-06-11,1872.00000000,1886.00000000,1864.00000000,1881.00000000,2643.05350000
2022-06-12,1881.00000000,1897.00000000,1876.00000000,1883.00000000,3018.71870000
2022-06-13,1884.00000000,1887.00000000,1821.00000000,1827.00000000,11038.97080000
2022-06-14,1827.00000000,1840.00000000,1802.00000000,1816.00000000,6047.16450000
2022-06-15,1816.00000000,1849.00000000,1810.00000000,1838.00000000,8137.84630000
2022-06-16,1838.00000000,1870.00000000,1822.00000000,1860.00000000,3168.90710000
2022-06-17,1859.00000000,1866.00000000,1839.00000000,1843.00000000,3885.37680000
2022-06-18,1843.00000000,1857.00000000,1817.00000000,1826.00000000,5316.23660000
2022-06-19,1826.00000000,1845.00000000,1817.00000000,1844.00000000,3318.14360000
2022-06-20,1843.00000000,1853.00000000,1838.00000000,1850.00000000,2827.24020000
2022-06-21,1850.00000000,1851.00000000,1832.00000000,1836.00000000,1579.28660000
2022-06-22,1835.00000000,1855.00000000,1824.00000000,1843.00000000,1845.24810000
2022-06-23,1843.00000000,1848.00000000,1821.00000000,1830.00000000,1587.40150000
2022-06-24,1829.00000000,1841.00000000,1822.00000000,1825.00000000,1756.35620000
2022-06-25,1825.00000000,1830.00000000,1820.00000000,1825.00000000,874.07810000
2022-06-26,1826.00000000,1835.00000000,1818.00000000,1830.00000000,1819.09600000
2022-06-27,1831.00000000,1840.00000000,1823.00000000,1829.00000000,1750.80420000
2022-06-28,1828.00000000,1838.00000000,1822.00000000,1824.00000000,4306.91480000
2022-06-29,1824.00000000,1837.00000000,1817.00000000,1824.00000000,1641.59220000
2022-06-30,1823.00000000,1829.00000000,1808.00000000,1816.00000000,2558.70840000
2022-07-01,1816.00000000,1821.00000000,1792.00000000,1807.00000000,3495.85620000
2022-07-02,1807.00000000,1818.00000000,1806.00000000,1813.00000000,1029.23550000
2022-07-03,1813.00000000,1820.00000000,1802.00000000,1814.00000000,1191.73400000
2022-07-04,1813.00000000,1818.00000000,1806.00000000,1815.00000000,1425.06410000
2022-07-05,1814.00000000,1820.00000000,1757.00000000,1771.00000000,2931.59200000
2022-07-06,1770.00000000,1777.00000000,1732.00000000,1746.00000000,2282.89820000
2022-07-07,1746.00000000,1755.00000000,1738.00000000,1742.00000000,1836.59660000
2022-07-08,1743.00000000,1756.00000000,1732.00000000,1743.00000000,2548.18430000
2022-07-09,1743.00000000,1745.00000000,1734.00000000,1739.00000000,644.51150000
2022-07-10,1738.00000000,1746.00000000,1735.00000000,1744.00000000,784.98220000
2022-07-11,1743.00000000,1745.00000000,1726.00000000,1734.00000000,1596.23710000
2022-07-12,1735.00000000,1745.00000000,1723.00000000,1726.00000000,2415.48360000
2022-07-13,1726.00000000,1751.00000000,1701.00000000,1737.00000000,4567.92092000
2022-07-14,1736.00000000,1737.00000000,1699.00000000,1715.00000000,1869.58921100
2022-07-15,1714.00000000,1719.00000000,1700.00000000,1704.00000000,1739.96200000
2022-07-16,1704.00000000,1715.00000000,1678.00000000,1697.00000000,3298.51650000
2022-07-17,1698.00000000,1708.00000000,1679.00000000,1706.00000000,2248.66120000
2022-07-18,1706.00000000,1723.00000000,1703.00000000,1706.00000000,2175.77150000
2022-07-19,1706.00000000,1718.00000000,1700.00000000,1705.00000000,2607.60040000
2022-07-20,1706.00000000,1714.00000000,1688.00000000,1697.00000000,2340.78960000
2022-07-21,1696.00000000,1719.00000000,1680.00000000,1716.00000000,2077.02560000
2022-07-22,1716.00000000,1734.00000000,1709.00000000,1727.00000000,2679.35940000
2022-07-23,1727.00000000,1730.00000000,1722.00000000,1723.00000000,856.21020000
2022-07-24,1724.00000000,1729.00000000,1722.00000000,1723.00000000,1178.39420000
2022-07-25,1724.00000000,1732.00000000,1713.00000000,1715.00000000,2084.55340000
2022-07-26,1715.00000000,1727.00000000,1710.00000000,1719.00000000,1589.32910000
2022-07-27,1719.00000000,1739.00000000,1711.00000000,1735.00000000,1802.01960000
2022-07-28,1736.00000000,1758.00000000,1726.00000000,1748.00000000,3829.94110000
2022-07-29,1749.00000000,1771.00000000,1722.00000000,1764.00000000,2341.25490000
2022-07-30,1764.00000000,1767.00000000,1760.00000000,1764.00000000,809.63220000
2022-07-31,1764.00000000,1774.00000000,1761.00000000,1763.00000000,1476.50620000
2022-08-01,1763.00000000,1773.00000000,1757.00000000,1771.00000000,1414.13450000
2022-08-02,1771.00000000,1788.00000000,1751.00000000,1752.00000000,3063.59630000
2022-08-03,1753.00000000,1769.00000000,1749.00000000,1759.00000000,1586.07010000
2022-08-04,1759.00000000,1792.00000000,1758.00000000,1788.00000000,1531.52480000
2022-08-05,1789.00000000,1791.00000000,1762.00000000,1773.00000000,1425.82310000
2022-08-06,1774.00000000,1774.00000000,1766.00000000,1768.00000000,529.79120000
2022-08-07,1768.00000000,1770.00000000,1766.00000000,1768.00000000,504.72970000
2022-08-08,1768.00000000,1791.00000000,1767.00000000,1782.00000000,2670.49200000
2022-08-09,1782.00000000,1799.00000000,1776.00000000,1790.00000000,1742.70090000
2022-08-10,1791.00000000,1802.00000000,1779.00000000,1786.00000000,1652.46460000
2022-08-11,1787.00000000,1795.00000000,1778.00000000,1779.00000000,1454.59510000
2022-08-12,1780.00000000,1797.00000000,1776.00000000,1794.00000000,971.46240000
2022-08-13,1795.00000000,1798.00000000,1791.00000000,1793.00000000,531.65590000
2022-08-14,1794.00000000,1798.00000000,1789.00000000,1791.00000000,1042.83420000
2022-08-15,1790.00000000,1795.00000000,1768.00000000,1774.00000000,1428.93650000
2022-08-16,1775.00000000,1776.00000000,1767.00000000,1771.00000000,1041.92640000
2022-08-17,1771.00000000,1777.00000000,1754.00000000,1757.00000000,1644.18490000
2022-08-18,1757.00000000,1765.00000000,1749.00000000,1751.00000000,762.08820000
2022-08-19,1751.00000000,1769.00000000,1720.00000000,1738.00000000,3323.47730000
2022-08-20,1739.00000000,1742.00000000,1736.00000000,1739.00000000,958.29370000
2022-08-21,1740.00000000,1743.00000000,1734.00000000,1740.00000000,918.38570000
2022-08-22,1740.00000000,1741.00000000,1723.00000000,1731.00000000,1351.74740000
2022-08-23,1731.00000000,1750.00000000,1727.00000000,1747.00000000,3105.78830000
2022-08-24,1747.00000000,1750.00000000,1739.00000000,1745.00000000,1214.29230000
2022-08-25,1744.00000000,1759.00000000,1744.00000000,1751.00000000,693.67340000
2022-08-26,1752.00000000,1752.00000000,1726.00000000,1728.00000000,2080.35830000
2022-08-27,1729.00000000,1732.00000000,1721.00000000,1729.00000000,840.02960000
2022-08-28,1730.00000000,1735.00000000,1723.00000000,1725.00000000,916.08530000
2022-08-29,1725.00000000,1738.00000000,1702.00000000,1730.00000000,1604.82930000
2022-08-30,1731.00000000,1732.00000000,1709.00000000,1714.00000000,1455.72830000
2022-08-31,1715.00000000,1723.00000000,1700.00000000,1703.00000000,1493.78090000
2022-09-01,1702.00000000,1704.00000000,1683.00000000,1690.00000000,2123.76370000
2022-09-02,1690.00000000,1710.00000000,1688.00000000,1702.00000000,1365.44430000
2022-09-03,1703.00000000,1707.00000000,1700.00000000,1705.00000000,392.82610000
2022-09-04,1706.00000000,1708.00000000,1701.00000000,1703.00000000,332.43890000
2022-09-05,1703.00000000,1710.00000000,1699.00000000,1708.00000000,954.02670000
2022-09-06,1709.00000000,1721.00000000,1677.00000000,1693.00000000,2171.79830000
2022-09-07,1694.00000000,1718.00000000,1682.00000000,1708.00000000,1995.37020000
2022-09-08,1708.00000000,1720.00000000,1697.00000000,1703.00000000,1266.80190000
2022-09-09,1703.00000000,1725.00000000,1702.00000000,1710.00000000,1368.09340000
2022-09-10,1710.00000000,1715.00000000,1708.00000000,1713.00000000,716.52280000
2022-09-11,1713.00000000,1718.00000000,1708.00000000,1714.00000000,610.27200000
2022-09-12,1715.00000000,1734.00000000,1706.00000000,1718.00000000,2007.19490000
2022-09-13,1718.00000000,1727.00000000,1691.00000000,1694.00000000,2559.74300000
2022-09-14,1694.00000000,1699.00000000,1686.00000000,1689.00000000,1022.08230000
2022-09-15,1689.00000000,1690.00000000,1649.00000000,1654.00000000,3455.21240000
2022-09-16,1654.00000000,1671.00000000,1640.00000000,1666.00000000,1495.38480000
2022-09-17,1666.00000000,1670.00000000,1662.00000000,1668.00000000,613.34520000
2022-09-18,1669.00000000,1671.00000000,1661.00000000,1668.00000000,831.22120000
2022-09-19,1668.00000000,1670.00000000,1650.00000000,1666.00000000,1912.40060000
2022-09-20,1667.00000000,1671.00000000,1645.00000000,1657.00000000,1141.61500000
2022-09-21,1657.00000000,1681.00000000,1646.00000000,1661.00000000,2842.42070000
2022-09-22,1661.00000000,1676.00000000,1651.00000000,1666.00000000,1500.95760000
2022-09-23,1666.00000000,1668.00000000,1633.00000000,1638.00000000,2053.68050000
2022-09-24,1638.00000000,1639.00000000,1634.00000000,1638.00000000,604.64690000
2022-09-25,1638.00000000,1639.00000000,1630.00000000,1634.00000000,722.30730000
2022-09-26,1635.00000000,1641.00000000,1606.00000000,1619.00000000,2983.14540000
2022-09-27,1620.00000000,1633.00000000,1617.00000000,1622.00000000,1650.00840000
2022-09-28,1621.00000000,1656.00000000,1607.00000000,1648.00000000,2316.25620000
2022-09-29,1649.00000000,1656.00000000,1634.00000000,1655.00000000,1212.81050000
2022-09-30,1656.00000000,1670.00000000,1652.00000000,1656.00000000,1042.21550000
2022-10-01,1656.00000000,1661.00000000,1651.00000000,1655.00000000,252.85780000
2022-10-02,1654.00000000,1659.00000000,1651.00000000,1656.00000000,677.06130000
2022-10-03,1657.00000000,1698.00000000,1654.00000000,1696.00000000,1074.19210000
2022-10-04,1696.00000000,1722.00000000,1691.00000000,1720.00000000,1665.46680000
2022-10-05,1721.00000000,1721.00000000,1695.00000000,1710.00000000,954.30860000
2022-10-06,1710.00000000,1717.00000000,1700.00000000,1704.00000000,632.13500000
2022-10-07,1704.00000000,1708.00000000,1684.00000000,1690.00000000,1098.83160000
2022-10-08,1691.00000000,1691.00000000,1682.00000000,1688.00000000,369.20890000
2022-10-09,1689.00000000,1691.00000000,1685.00000000,1689.00000000,243.87610000
2022-10-10,1690.00000000,1690.00000000,1659.00000000,1663.00000000,1060.37810000
2022-10-11,1663.00000000,1675.00000000,1656.00000000,1660.00000000,872.35490000
2022-10-12,1660.00000000,1671.00000000,1657.00000000,1665.00000000,659.51470000
2022-10-13,1666.00000000,1673.00000000,1639.00000000,1658.00000000,1600.03930000
2022-10-14,1657.00000000,1664.00000000,1630.00000000,1637.00000000,1016.89210000
2022-10-15,1637.00000000,1639.00000000,1634.00000000,1637.00000000,269.81730000
2022-10-16,1637.00000000,1642.00000000,1636.00000000,1641.00000000,266.31960000
2022-10-17,1641.00000000,1660.00000000,1639.00000000,1645.00000000,1109.20780000
2022-10-18,1646.00000000,1652.00000000,1640.00000000,1645.00000000,515.20420000
2022-10-19,1646.00000000,1647.00000000,1612.00000000,1620.00000000,862.37520000
2022-10-20,1621.00000000,1638.00000000,1617.00000000,1620.00000000,620.90440000
2022-10-21,1620.00000000,1650.00000000,1610.00000000,1649.00000000,940.68490000
2022-10-22,1649.00000000,1653.00000000,1648.00000000,1651.00000000,205.48770000
2022-10-23,1651.00000000,1662.00000000,1650.00000000,1657.00000000,514.17310000
2022-10-24,1657.00000000,1657.00000000,1638.00000000,1644.00000000,576.90820000
2022-10-25,1645.00000000,1659.00000000,1634.00000000,1646.00000000,1654.71660000
2022-10-26,1645.00000000,1671.00000000,1644.00000000,1659.00000000,1324.69520000
2022-10-27,1660.00000000,1662.00000000,1648.00000000,1654.00000000,1184.35160000
2022-10-28,1655.00000000,1658.00000000,1633.00000000,1638.00000000,903.72680000
2022-10-29,1638.00000000,1643.00000000,1634.00000000,1638.00000000,848.15700000
2022-10-30,1638.00000000,1642.00000000,1635.00000000,1638.00000000,416.36160000
2022-10-31,1638.00000000,1639.00000000,1622.00000000,1627.00000000,984.36010000
2022-11-01,1628.00000000,1648.00000000,1626.00000000,1638.00000000,1530.95350000
2022-11-02,1639.00000000,1661.00000000,1625.00000000,1628.00000000,2048.83030000
2022-11-03,1629.00000000,1637.00000000,1612.00000000,1626.00000000,1157.19440000
2022-11-04,1627.00000000,1673.00000000,1623.00000000,1671.00000000,1865.43740000
2022-11-05,1672.00000000,1674.00000000,1664.00000000,1671.00000000,673.80620000
2022-11-06,1672.00000000,1674.00000000,1662.00000000,1665.00000000,873.74200000
2022-11-07,1664.00000000,1673.00000000,1654.00000000,1666.00000000,1354.89800000
2022-11-08,1666.00000000,1714.00000000,1657.00000000,1702.00000000,6748.08170000
2022-11-09,1701.00000000,1717.00000000,1675.00000000,1697.00000000,10658.27480000
2022-11-10,1699.00000000,1758.00000000,1690.00000000,1747.00000000,8928.14160000
2022-11-11,1748.00000000,1786.00000000,1733.00000000,1779.00000000,5177.84810000
2022-11-12,1780.00000000,1780.00000000,1698.00000000,1734.00000000,16199.50710000
2022-11-13,1734.00000000,1750.00000000,1723.00000000,1741.00000000,3096.41760000
2022-11-14,1741.00000000,1767.00000000,1718.00000000,1747.00000000,11369.01160000
2022-11-15,1747.00000000,1783.00000000,1724.00000000,1774.00000000,4892.13140000
2022-11-16,1774.00000000,1777.00000000,1758.00000000,1766.00000000,1887.59690000
2022-11-17,1766.00000000,1778.00000000,1740.00000000,1757.00000000,5001.05730000
2022-11-18,1757.00000000,1761.00000000,1737.00000000,1741.00000000,1302.49420000
2022-11-19,1741.00000000,1751.00000000,1739.00000000,1747.00000000,372.08540000
2022-11-20,1747.00000000,1750.00000000,1737.00000000,1749.00000000,1119.71330000
2022-11-21,1749.00000000,1752.00000000,1729.00000000,1736.00000000,2590.20060000
2022-11-22,1737.00000000,1748.00000000,1733.00000000,1737.00000000,1387.30050000
2022-11-23,1737.00000000,1745.00000000,1723.00000000,1744.00000000,1236.15390000
2022-11-24,1743.00000000,1750.00000000,1740.00000000,1747.00000000,938.47100000
2022-11-25,1747.00000000,1754.00000000,1742.00000000,1749.00000000,744.51900000
2022-11-26,1749.00000000,1767.00000000,1748.00000000,1748.00000000,694.60430000
2022-11-27,1749.00000000,1755.00000000,1746.00000000,1747.00000000,354.95260000
2022-11-28,1747.00000000,1755.00000000,1737.00000000,1740.00000000,1051.83460000
2022-11-29,1740.00000000,1752.00000000,1729.00000000,1741.00000000,1604.97690000
2022-11-30,1741.00000000,1764.00000000,1737.00000000,1763.00000000,1273.60060000
2022-12-01,1763.00000000,1794.00000000,1762.00000000,1791.00000000,1383.24270000
2022-12-02,1791.00000000,1794.00000000,1771.00000000,1787.00000000,900.72710000
2022-12-03,1786.00000000,1790.00000000,1775.00000000,1787.00000000,457.16620000
2022-12-04,1787.00000000,1795.00000000,1786.00000000,1791.00000000,343.24620000
2022-12-05,1790.00000000,1803.00000000,1767.00000000,1772.00000000,1025.00940000
2022-12-06,1772.00000000,1783.00000000,1772.00000000,1774.00000000,394.10120000
2022-12-07,1774.00000000,1790.00000000,1771.00000000,1788.00000000,837.46830000
2022-12-08,1787.00000000,1789.00000000,1779.00000000,1788.00000000,414.82790000
2022-12-09,1788.00000000,1802.00000000,1787.00000000,1794.00000000,1023.44370000
2022-12-10,1793.00000000,1800.00000000,1782.00000000,1791.00000000,891.27710000
2022-12-11,1791.00000000,1801.00000000,1789.00000000,1796.00000000,843.38220000
2022-12-12,1797.00000000,1800.00000000,1774.00000000,1778.00000000,1300.72230000
2022-12-13,1778.00000000,1815.00000000,1773.00000000,1809.00000000,2586.49920000
2022-12-14,1810.00000000,1827.00000000,1798.00000000,1802.00000000,1407.93650000
2022-12-15,1803.00000000,1807.00000000,1773.00000000,1792.00000000,2161.24850000
2022-12-16,1792.00000000,1807.00000000,1774.00000000,1801.00000000,1394.54040000
2022-12-17,1801.00000000,1810.00000000,1799.00000000,1802.00000000,529.70410000
2022-12-18,1802.00000000,1806.00000000,1792.00000000,1799.00000000,488.70850000
2022-12-19,1797.00000000,1805.00000000,1790.00000000,1798.00000000,594.48810000
2022-12-20,1798.00000000,1818.00000000,1787.00000000,1813.00000000,1038.71160000
2022-12-21,1813.00000000,1820.00000000,1808.00000000,1815.00000000,428.18190000
2022-12-22,1815.00000000,1824.00000000,1790.00000000,1795.00000000,667.75350000
2022-12-23,1794.00000000,1815.00000000,1794.00000000,1806.00000000,317.90860000
2022-12-24,1806.00000000,1808.00000000,1800.00000000,1802.00000000,100.35400000
2022-12-25,1802.00000000,1802.00000000,1793.00000000,1800.00000000,236.21540000
2022-12-26,1800.00000000,1803.00000000,1794.00000000,1800.00000000,220.69150000
2022-12-27,1800.00000000,1821.00000000,1799.00000000,1815.00000000,590.86740000
2022-12-28,1814.00000000,1815.00000000,1802.00000000,1809.00000000,481.09830000
2022-12-29,1810.00000000,1817.00000000,1802.00000000,1815.00000000,761.85540000
2022-12-30,1815.00000000,1824.00000000,1806.00000000,1822.00000000,962.22730000
2022-12-31,1821.00000000,1825.00000000,1817.00000000,1822.00000000,327.90290000
2023-01-01,1822.00000000,1825.00000000,1819.00000000,1824.00000000,242.83900000
2023-01-02,1823.00000000,1830.00000000,1815.00000000,1823.00000000,765.80130000
2023-01-03,1823.00000000,1844.00000000,1823.00000000,1841.00000000,1664.28230000
2023-01-04,1841.00000000,1868.00000000,1837.00000000,1852.00000000,1089.69700000
2023-01-05,1853.00000000,1856.00000000,1832.00000000,1835.00000000,722.92230000
2023-01-06,1834.00000000,1858.00000000,1830.00000000,1853.00000000,1022.23800000
2023-01-07,1854.00000000,1861.00000000,1852.00000000,1860.00000000,448.12530000
2023-01-08,1860.00000000,1862.00000000,1855.00000000,1858.00000000,645.06310000
2023-01-09,1858.00000000,1868.00000000,1856.00000000,1862.00000000,1136.27740000
2023-01-10,1861.00000000,1868.00000000,1859.00000000,1865.00000000,464.02150000
2023-01-11,1864.00000000,1883.00000000,1860.00000000,1873.00000000,913.49170000
2023-01-12,1873.00000000,1894.00000000,1858.00000000,1884.00000000,1567.51800000
2023-01-13,1884.00000000,1902.00000000,1879.00000000,1896.00000000,1252.91950000
2023-01-14,1895.00000000,1902.00000000,1880.00000000,1889.00000000,1927.30690000
2023-01-15,1889.00000000,1902.00000000,1885.00000000,1901.00000000,848.43450000
2023-01-16,1901.00000000,1906.00000000,1885.00000000,1887.00000000,841.78650000
2023-01-17,1887.00000000,1896.00000000,1883.00000000,1889.00000000,796.26950000
2023-01-18,1890.00000000,1897.00000000,1880.00000000,1888.00000000,808.60430000
2023-01-19,1888.00000000,1919.00000000,1881.00000000,1917.00000000,828.88650000
2023-01-20,1917.00000000,1922.00000000,1902.00000000,1906.00000000,861.14880000
2023-01-21,1905.00000000,1912.00000000,1902.00000000,1905.00000000,536.91000000
2023-01-22,1907.00000000,1914.00000000,1902.00000000,1907.00000000,545.11430000
2023-01-23,1908.00000000,1915.00000000,1900.00000000,1909.00000000,638.72270000
2023-01-24,1910.00000000,1913.00000000,1897.00000000,1907.00000000,1040.77940000
2023-01-25,1907.00000000,1926.00000000,1900.00000000,1920.00000000,1117.29600000
2023-01-26,1922.00000000,1927.00000000,1911.00000000,1919.00000000,732.64090000
2023-01-27,1920.00000000,1921.00000000,1913.00000000,1915.00000000,597.34570000
2023-01-28,1915.00000000,1919.00000000,1911.00000000,1915.00000000,244.52720000
2023-01-29,1915.00000000,1921.00000000,1905.00000000,1914.00000000,785.47720000
2023-01-30,1913.00000000,1914.00000000,1890.00000000,1896.00000000,680.64970000
2023-01-31,1896.00000000,1906.00000000,1872.00000000,1898.00000000,986.09650000
2023-02-01,1899.00000000,1919.00000000,1895.00000000,1916.00000000,1010.64210000
2023-02-02,1915.00000000,1924.00000000,1896.00000000,1906.00000000,1572.51660000
2023-02-03,1906.00000000,1907.00000000,1859.00000000,1869.00000000,1462.85430000
2023-02-04,1867.00000000,1873.00000000,1848.00000000,1859.00000000,949.02430000
2023-02-05,1860.00000000,1862.00000000,1853.00000000,1857.00000000,670.29380000
2023-02-06,1857.00000000,1874.00000000,1857.00000000,1868.00000000,700.01630000
2023-02-07,1868.00000000,1875.00000000,1854.00000000,1861.00000000,1031.53220000
2023-02-08,1861.00000000,1867.00000000,1851.00000000,1860.00000000,677.52010000
2023-02-09,1863.00000000,1871.00000000,1842.00000000,1845.00000000,1153.40570000
2023-02-10,1845.00000000,1847.00000000,1810.00000000,1825.00000000,1266.08400000
2023-02-11,1825.00000000,1836.00000000,1816.00000000,1831.00000000,592.97610000
2023-02-12,1830.00000000,1833.00000000,1821.00000000,1827.00000000,363.85330000
2023-02-13,1827.00000000,1831.00000000,1716.00000000,1808.00000000,8868.63980000
2023-02-14,1807.00000000,1850.00000000,1803.00000000,1834.00000000,4229.89140000
2023-02-15,1834.00000000,1842.00000000,1811.00000000,1826.00000000,875.24920000
2023-02-16,1826.00000000,1836.00000000,1811.00000000,1821.00000000,1716.79210000
2023-02-17,1821.00000000,1830.00000000,1800.00000000,1815.00000000,1321.25050000
2023-02-18,1816.00000000,1826.00000000,1809.00000000,1823.00000000,453.82990000
2023-02-19,1823.00000000,1826.00000000,1817.00000000,1822.00000000,474.01930000
2023-02-20,1821.00000000,1828.00000000,1811.00000000,1816.00000000,736.70470000
2023-02-21,1815.00000000,1818.00000000,1806.00000000,1812.00000000,661.50830000
2023-02-22,1813.00000000,1820.00000000,1807.00000000,1811.00000000,785.62170000
2023-02-23,1811.00000000,1820.00000000,1806.00000000,1814.00000000,479.49990000
2023-02-24,1814.00000000,1816.00000000,1791.00000000,1800.00000000,650.56190000
2023-02-25,1800.00000000,1802.00000000,1791.00000000,1793.00000000,315.35810000
2023-02-26,1792.00000000,1799.00000000,1791.00000000,1796.00000000,251.22950000
2023-02-27,1796.00000000,1806.00000000,1792.00000000,1805.00000000,468.57310000
2023-02-28,1804.00000000,1816.00000000,1792.00000000,1809.00000000,1285.59860000
2023-03-01,1808.00000000,1828.00000000,1806.00000000,1823.00000000,741.20980000
2023-03-02,1824.00000000,1828.00000000,1816.00000000,1828.00000000,583.18230000
2023-03-03,1827.00000000,1847.00000000,1819.00000000,1842.00000000,1499.47820000
2023-03-04,1842.00000000,1851.00000000,1840.00000000,1851.00000000,562.51720000
2023-03-05,1850.00000000,1863.00000000,1842.00000000,1846.00000000,516.64300000
2023-03-06,1846.00000000,1862.00000000,1830.00000000,1832.00000000,838.13930000
2023-03-07,1832.00000000,1840.00000000,1801.00000000,1805.00000000,772.80590000
2023-03-08,1804.00000000,1813.00000000,1797.00000000,1806.00000000,922.17660000
2023-03-09,1806.00000000,1820.00000000,1802.00000000,1810.00000000,1029.38120000
2023-03-10,1809.00000000,1874.00000000,1808.00000000,1860.00000000,2659.96400000
2023-03-11,1860.00000000,1937.00000000,1859.00000000,1889.00000000,9267.93350000
2023-03-12,1887.00000000,1938.00000000,1876.00000000,1902.00000000,3293.52430000
2023-03-13,1904.00000000,1976.00000000,1882.00000000,1921.00000000,4740.15660000
2023-03-14,1922.00000000,1939.00000000,1891.00000000,1905.00000000,3262.86950000
2023-03-15,1904.00000000,1949.00000000,1892.00000000,1924.00000000,3371.01210000
2023-03-16,1924.00000000,1940.00000000,1902.00000000,1908.00000000,1821.41500000
2023-03-17,1908.00000000,2000.00000000,1900.00000000,1960.00000000,3982.02130000
2023-03-18,1960.00000000,1965.00000000,1948.00000000,1962.00000000,1727.75910000
2023-03-19,1962.00000000,1980.00000000,1961.00000000,1969.00000000,2293.52420000
2023-03-20,1971.00000000,2017.00000000,1963.00000000,1981.00000000,2614.38370000
2023-03-21,1982.00000000,1988.00000000,1931.00000000,1945.00000000,1529.34830000
2023-03-22,1944.00000000,1982.00000000,1938.00000000,1974.00000000,2309.78890000
2023-03-23,1974.00000000,2010.00000000,1971.00000000,1991.00000000,1980.99540000
2023-03-24,1992.00000000,2010.00000000,1978.00000000,1986.00000000,1379.50400000
2023-03-25,1986.00000000,2031.00000000,1983.00000000,1998.00000000,1089.97490000
2023-03-26,1997.00000000,2002.00000000,1986.00000000,1989.00000000,705.15810000
2023-03-27,1989.00000000,1992.00000000,1962.00000000,1980.00000000,1408.12800000
2023-03-28,1981.00000000,1998.00000000,1971.00000000,1985.00000000,1711.46500000
2023-03-29,1986.00000000,1997.00000000,1979.00000000,1982.00000000,1141.44690000
2023-03-30,1983.00000000,1988.00000000,1968.00000000,1983.00000000,1312.25920000
2023-03-31,1983.00000000,1992.00000000,1970.00000000,1976.00000000,683.56910000
2023-04-01,1977.00000000,1981.00000000,1969.00000000,1976.00000000,519.76870000
2023-04-02,1977.00000000,1980.00000000,1968.00000000,1972.00000000,461.36460000
2023-04-03,1971.00000000,1993.00000000,1962.00000000,1985.00000000,1131.11750000
2023-04-04,1985.00000000,2029.00000000,1978.00000000,2024.00000000,1603.06440000
2023-04-05,2024.00000000,2054.00000000,2023.00000000,2030.00000000,2405.79290000
2023-04-06,2031.00000000,2031.00000000,2008.00000000,2016.00000000,1107.71140000
2023-04-07,2017.00000000,2027.00000000,2009.00000000,2020.00000000,878.00100000
2023-04-08,2021.00000000,2026.00000000,2015.00000000,2018.00000000,506.50260000
2023-04-09,2019.00000000,2028.00000000,2013.00000000,2019.00000000,637.68420000
2023-04-10,2019.00000000,2021.00000000,1998.00000000,2004.00000000,1450.76920000
2023-04-11,2004.00000000,2030.00000000,2000.00000000,2021.00000000,1990.03310000
2023-04-12,2022.00000000,2033.00000000,2015.00000000,2025.00000000,2644.41840000
2023-04-13,2025.00000000,2049.00000000,2025.00000000,2043.00000000,1306.15900000
2023-04-14,2044.00000000,2053.00000000,2001.00000000,2015.00000000,3409.50610000
2023-04-15,2015.00000000,2025.00000000,2013.00000000,2016.00000000,558.48110000
2023-04-16,2016.00000000,2025.00000000,2012.00000000,2018.00000000,675.62970000
2023-04-17,2018.00000000,2030.00000000,2000.00000000,2012.00000000,1913.82780000
2023-04-18,2012.00000000,2028.00000000,2008.00000000,2012.00000000,1323.46420000
2023-04-19,2013.00000000,2015.00000000,1991.00000000,2003.00000000,2319.08800000
2023-04-20,2004.00000000,2014.00000000,1995.00000000,2007.00000000,1300.75690000
2023-04-21,2006.00000000,2006.00000000,1981.00000000,1984.00000000,1375.36130000
2023-04-22,1984.00000000,1987.00000000,1981.00000000,1983.00000000,512.64940000
2023-04-23,1983.00000000,1988.00000000,1981.00000000,1987.00000000,602.90260000
2023-04-24,1986.00000000,1997.00000000,1981.00000000,1996.00000000,1119.12390000
2023-04-25,1995.00000000,2014.00000000,1983.00000000,2003.00000000,1336.90160000
2023-04-26,2002.00000000,2006.00000000,1984.00000000,1988.00000000,2072.19540000
2023-04-27,1987.00000000,2000.00000000,1981.00000000,1986.00000000,1286.85780000
2023-04-28,1986.00000000,1994.00000000,1983.00000000,1987.00000000,896.24340000
2023-04-29,1987.00000000,2008.00000000,1986.00000000,1998.00000000,550.79670000
2023-04-30,1998.00000000,2002.00000000,1993.00000000,1999.00000000,458.19570000
2023-05-01,1999.00000000,2004.00000000,1985.00000000,1995.00000000,1423.05950000
2023-05-02,1995.00000000,2021.00000000,1981.00000000,2014.00000000,1800.87150000
2023-05-03,2013.00000000,2047.00000000,2007.00000000,2044.00000000,1873.95610000
2023-05-04,2044.00000000,2087.00000000,2030.00000000,2049.00000000,1878.14000000
2023-05-05,2049.00000000,2055.00000000,2009.00000000,2018.00000000,1988.59320000
2023-05-06,2018.00000000,2023.00000000,2013.00000000,2020.00000000,725.38830000
2023-05-07,2021.00000000,2021.00000000,2012.00000000,2015.00000000,468.81690000
2023-05-08,2014.00000000,2032.00000000,2009.00000000,2026.00000000,1642.44800000
2023-05-09,2025.00000000,2042.00000000,2024.00000000,2039.00000000,1224.90380000
2023-05-10,2039.00000000,2050.00000000,2028.00000000,2043.00000000,1550.23060000
2023-05-11,2043.00000000,2050.00000000,2015.00000000,2024.00000000,2252.97400000
2023-05-12,2024.00000000,2033.00000000,2011.00000000,2024.00000000,1481.97700000
2023-05-13,2024.00000000,2027.00000000,2010.00000000,2019.00000000,463.57270000
2023-05-14,2019.00000000,2021.00000000,2014.00000000,2018.00000000,338.43380000
2023-05-15,2018.00000000,2028.00000000,2010.00000000,2017.00000000,1166.28070000
2023-05-16,2016.00000000,2018.00000000,1989.00000000,1995.00000000,1401.02630000
2023-05-17,1996.00000000,2002.00000000,1981.00000000,1995.00000000,1382.17670000
2023-05-18,1995.00000000,1996.00000000,1969.00000000,1979.00000000,1454.61240000
2023-05-19,1978.00000000,1999.00000000,1974.00000000,1997.00000000,754.22010000
2023-05-20,1997.00000000,2000.00000000,1990.00000000,1993.00000000,721.06550000
2023-05-21,1994.00000000,1998.00000000,1986.00000000,1989.00000000,362.57830000
2023-05-22,1989.00000000,1989.00000000,1976.00000000,1980.00000000,609.46880000
2023-05-23,1980.00000000,1988.00000000,1971.00000000,1985.00000000,1082.32880000
2023-05-24,1985.00000000,1994.00000000,1971.00000000,1971.00000000,1053.09590000
2023-05-25,1972.00000000,1976.00000000,1958.00000000,1964.00000000,920.81530000
2023-05-26,1964.00000000,1977.00000000,1961.00000000,1962.00000000,961.52730000
2023-05-27,1962.00000000,1968.00000000,1961.00000000,1964.00000000,297.01840000
2023-05-28,1964.00000000,1970.00000000,1961.00000000,1962.00000000,759.68010000
2023-05-29,1962.00000000,1963.00000000,1953.00000000,1958.00000000,1125.70120000
2023-05-30,1958.00000000,1974.00000000,1947.00000000,1969.00000000,950.90320000
2023-05-31,1969.00000000,1981.00000000,1964.00000000,1969.00000000,1214.36050000
2023-06-01,1968.00000000,1986.00000000,1957.00000000,1981.00000000,1475.35180000
2023-06-02,1981.00000000,1986.00000000,1953.00000000,1956.00000000,1265.35590000
2023-06-03,1955.00000000,1956.00000000,1942.00000000,1946.00000000,976.78670000
2023-06-04,1946.00000000,1955.00000000,1940.00000000,1946.00000000,715.34810000
2023-06-05,1946.00000000,1955.00000000,1916.00000000,1920.00000000,2807.02240000
2023-06-06,1920.00000000,1952.00000000,1916.00000000,1935.00000000,2377.84800000
2023-06-07,1936.00000000,1939.00000000,1913.00000000,1924.00000000,1727.15980000
2023-06-08,1925.00000000,1940.00000000,1916.00000000,1921.00000000,1504.05310000
2023-06-09,1921.00000000,1936.00000000,1910.00000000,1916.00000000,1377.67130000
2023-06-10,1917.00000000,1931.00000000,1890.00000000,1920.00000000,2523.88940000
2023-06-11,1920.00000000,1925.00000000,1910.00000000,1918.00000000,711.87270000
2023-06-12,1918.00000000,1935.00000000,1911.00000000,1931.00000000,1059.83790000
2023-06-13,1932.00000000,1940.00000000,1912.00000000,1916.00000000,1370.49170000
2023-06-14,1915.00000000,1940.00000000,1915.00000000,1919.00000000,1060.58790000
2023-06-15,1919.00000000,1939.00000000,1910.00000000,1933.00000000,1916.27490000
2023-06-16,1934.00000000,1948.00000000,1925.00000000,1945.00000000,1886.60960000
2023-06-17,1944.00000000,1949.00000000,1927.00000000,1929.00000000,521.36370000
2023-06-18,1930.00000000,1935.00000000,1925.00000000,1928.00000000,338.79870000
2023-06-19,1929.00000000,1932.00000000,1921.00000000,1926.00000000,536.53080000
2023-06-20,1926.00000000,1933.00000000,1920.00000000,1924.00000000,1002.02860000
2023-06-21,1924.00000000,1931.00000000,1915.00000000,1924.00000000,1978.09310000
2023-06-22,1925.00000000,1925.00000000,1901.00000000,1908.00000000,1496.30910000
2023-06-23,1908.00000000,1919.00000000,1894.00000000,1908.00000000,1152.85500000
2023-06-24,1908.00000000,1916.00000000,1901.00000000,1908.00000000,812.63640000
2023-06-25,1909.00000000,1911.00000000,1899.00000000,1905.00000000,416.81570000
2023-06-26,1906.00000000,1919.00000000,1900.00000000,1906.00000000,1002.26150000
2023-06-27,1906.00000000,1914.00000000,1901.00000000,1904.00000000,619.12500000
2023-06-28,1904.00000000,1906.00000000,1886.00000000,1891.00000000,1033.02790000
2023-06-29,1891.00000000,1899.00000000,1884.00000000,1893.00000000,851.07490000
2023-06-30,1894.00000000,1909.00000000,1890.00000000,1902.00000000,1222.16160000
2023-07-01,1903.00000000,1905.00000000,1890.00000000,1895.00000000,613.62780000
2023-07-02,1896.00000000,1900.00000000,1894.00000000,1897.00000000,461.76190000
2023-07-03,1898.00000000,1907.00000000,1882.00000000,1897.00000000,1415.54530000
2023-07-04,1897.00000000,1904.00000000,1889.00000000,1898.00000000,930.26520000
2023-07-05,1899.00000000,1904.00000000,1890.00000000,1893.00000000,956.74660000
2023-07-06,1894.00000000,1905.00000000,1886.00000000,1891.00000000,1201.66620000
2023-07-07,1891.00000000,1914.00000000,1888.00000000,1904.00000000,1028.40210000
2023-07-08,1905.00000000,1907.00000000,1901.00000000,1903.00000000,218.07910000
2023-07-09,1904.00000000,1907.00000000,1899.00000000,1904.00000000,291.85400000
2023-07-10,1903.00000000,1910.00000000,1896.00000000,1907.00000000,804.72830000
2023-07-11,1908.00000000,1921.00000000,1907.00000000,1919.00000000,888.16270000
2023-07-12,1919.00000000,1947.00000000,1910.00000000,1945.00000000,1523.40310000
2023-07-13,1945.00000000,1960.00000000,1931.00000000,1939.00000000,2261.13730000
2023-07-14,1940.00000000,1949.00000000,1926.00000000,1926.00000000,1486.93370000
2023-07-15,1927.00000000,1930.00000000,1920.00000000,1921.00000000,278.69410000
2023-07-16,1920.00000000,1928.00000000,1919.00000000,1925.00000000,458.49890000
2023-07-17,1925.00000000,1944.00000000,1912.00000000,1918.00000000,1636.26150000
2023-07-18,1918.00000000,1952.00000000,1914.00000000,1939.00000000,2048.09440000
2023-07-19,1938.00000000,1945.00000000,1935.00000000,1939.00000000,855.74100000
2023-07-20,1938.00000000,1944.00000000,1929.00000000,1934.00000000,1729.77560000
2023-07-21,1934.00000000,1938.00000000,1921.00000000,1924.00000000,842.98630000
2023-07-22,1924.00000000,1929.00000000,1921.00000000,1927.00000000,420.52670000
2023-07-23,1927.00000000,1934.00000000,1923.00000000,1933.00000000,230.24550000
2023-07-24,1932.00000000,1947.00000000,1930.00000000,1936.00000000,923.11920000
2023-07-25,1937.00000000,1951.00000000,1929.00000000,1945.00000000,619.42410000
2023-07-26,1945.00000000,1965.00000000,1941.00000000,1955.00000000,965.52580000
2023-07-27,1956.00000000,1968.00000000,1934.00000000,1942.00000000,834.15670000
2023-07-28,1942.00000000,1951.00000000,1938.00000000,1950.00000000,339.51270000
2023-07-29,1950.00000000,1954.00000000,1945.00000000,1947.00000000,120.04880000
2023-07-30,1947.00000000,1960.00000000,1942.00000000,1947.00000000,194.74600000
2023-07-31,1946.00000000,1961.00000000,1938.00000000,1954.00000000,413.56900000
2023-08-01,1954.00000000,1954.00000000,1936.00000000,1948.00000000,581.43040000
2023-08-02,1949.00000000,1949.00000000,1924.00000000,1929.00000000,657.82740000
2023-08-03,1931.00000000,1937.00000000,1923.00000000,1934.00000000,407.04400000
2023-08-04,1934.00000000,1946.00000000,1924.00000000,1944.00000000,547.19750000
2023-08-05,1944.00000000,1950.00000000,1938.00000000,1943.00000000,309.34530000
2023-08-06,1942.00000000,1949.00000000,1934.00000000,1941.00000000,379.82580000
2023-08-07,1941.00000000,1947.00000000,1930.00000000,1944.00000000,890.19090000
2023-08-08,1945.00000000,1945.00000000,1928.00000000,1930.00000000,738.25620000
2023-08-09,1930.00000000,1939.00000000,1915.00000000,1920.00000000,1022.29620000
2023-08-10,1920.00000000,1929.00000000,1917.00000000,1917.00000000,542.60190000
2023-08-11,1917.00000000,1924.00000000,1910.00000000,1910.00000000,409.72330000
2023-08-12,1910.00000000,1912.00000000,1890.00000000,1904.00000000,719.39180000
2023-08-13,1905.00000000,1911.00000000,1896.00000000,1906.00000000,261.78370000
2023-08-14,1907.00000000,1915.00000000,1899.00000000,1902.00000000,488.37620000
2023-08-15,1901.00000000,1911.00000000,1897.00000000,1899.00000000,442.27610000
2023-08-16,1899.00000000,1908.00000000,1890.00000000,1894.00000000,613.13890000
2023-08-17,1892.00000000,1902.00000000,1865.00000000,1871.00000000,1547.44520000
2023-08-18,1872.00000000,1899.00000000,1867.00000000,1874.00000000,1107.15140000
2023-08-19,1874.00000000,1883.00000000,1870.00000000,1875.00000000,386.35750000
2023-08-20,1874.00000000,1879.00000000,1868.00000000,1876.00000000,331.71340000
2023-08-21,1875.00000000,1886.00000000,1871.00000000,1879.00000000,500.19270000
2023-08-22,1880.00000000,1899.00000000,1877.00000000,1888.00000000,628.90370000
2023-08-23,1888.00000000,1918.00000000,1888.00000000,1910.00000000,864.75010000
2023-08-24,1910.00000000,1913.00000000,1903.00000000,1909.00000000,473.59220000
2023-08-25,1908.00000000,1913.00000000,1896.00000000,1903.00000000,369.60080000
2023-08-26,1902.00000000,1905.00000000,1897.00000000,1904.00000000,177.67350000
2023-08-27,1903.00000000,1907.00000000,1896.00000000,1899.00000000,237.83780000
2023-08-28,1901.00000000,1911.00000000,1899.00000000,1905.00000000,432.46940000
2023-08-29,1904.00000000,1920.00000000,1890.00000000,1913.00000000,875.21360000
2023-08-30,1913.00000000,1929.00000000,1910.00000000,1923.00000000,510.03000000
2023-08-31,1924.00000000,1934.00000000,1912.00000000,1918.00000000,633.83690000
2023-09-01,1918.00000000,1934.00000000,1915.00000000,1917.00000000,452.95160000
2023-09-02,1917.00000000,1922.00000000,1912.00000000,1914.00000000,195.65680000
2023-09-03,1914.00000000,1922.00000000,1912.00000000,1917.00000000,183.46610000
2023-09-04,1917.00000000,1928.00000000,1916.00000000,1920.00000000,199.35210000
2023-09-05,1920.00000000,1920.00000000,1906.00000000,1912.00000000,318.37790000
2023-09-06,1911.00000000,1912.00000000,1891.00000000,1898.00000000,353.62090000
2023-09-07,1898.00000000,1908.00000000,1898.00000000,1908.00000000,327.15570000
2023-09-08,1908.00000000,1911.00000000,1897.00000000,1903.00000000,378.04590000
2023-09-09,1903.00000000,1903.00000000,1896.00000000,1898.00000000,112.90520000
2023-09-10,1899.00000000,1902.00000000,1890.00000000,1898.00000000,298.14210000
2023-09-11,1898.00000000,1908.00000000,1897.00000000,1903.00000000,643.97410000
2023-09-12,1903.00000000,1910.00000000,1885.00000000,1892.00000000,619.75110000
2023-09-13,1892.00000000,1900.00000000,1882.00000000,1889.00000000,444.91510000
2023-09-14,1888.00000000,1901.00000000,1888.00000000,1894.00000000,364.31610000
2023-09-15,1894.00000000,1914.00000000,1893.00000000,1910.00000000,721.44020000
2023-09-16,1909.00000000,1914.00000000,1904.00000000,1906.00000000,232.13920000
2023-09-17,1906.00000000,1910.00000000,1902.00000000,1909.00000000,226.25710000
2023-09-18,1909.00000000,1921.00000000,1906.00000000,1921.00000000,644.66490000
2023-09-19,1921.00000000,1929.00000000,1914.00000000,1921.00000000,565.31790000
2023-09-20,1920.00000000,1934.00000000,1914.00000000,1920.00000000,552.14360000
2023-09-21,1921.00000000,1923.00000000,1907.00000000,1910.00000000,382.52660000
2023-09-22,1911.00000000,1918.00000000,1909.00000000,1912.00000000,170.31780000
2023-09-23,1911.00000000,1919.00000000,1911.00000000,1913.00000000,207.66590000
2023-09-24,1914.00000000,1916.00000000,1910.00000000,1912.00000000,222.41500000
2023-09-25,1913.00000000,1919.00000000,1905.00000000,1908.00000000,360.59330000
2023-09-26,1907.00000000,1915.00000000,1897.00000000,1899.00000000,348.52670000
2023-09-27,1899.00000000,1901.00000000,1878.00000000,1881.00000000,737.07330000
2023-09-28,1882.00000000,1884.00000000,1868.00000000,1871.00000000,811.16020000
2023-09-29,1872.00000000,1884.00000000,1862.00000000,1864.00000000,690.01040000
2023-09-30,1865.00000000,1870.00000000,1862.00000000,1868.00000000,284.54890000
2023-10-01,1868.00000000,1873.00000000,1855.00000000,1865.00000000,535.65000000
2023-10-02,1865.00000000,1870.00000000,1839.00000000,1840.00000000,1055.19870000
2023-10-03,1841.00000000,1841.00000000,1824.00000000,1827.00000000,851.41830000
2023-10-04,1827.00000000,1839.00000000,1821.00000000,1836.00000000,826.21770000
2023-10-05,1837.00000000,1839.00000000,1825.00000000,1830.00000000,473.10710000
2023-10-06,1830.00000000,1842.00000000,1823.00000000,1840.00000000,588.33680000
2023-10-07,1840.00000000,1857.00000000,1835.00000000,1855.00000000,458.40000000
2023-10-08,1856.00000000,1872.00000000,1849.00000000,1864.00000000,987.80420000
2023-10-09,1863.00000000,1870.00000000,1850.00000000,1868.00000000,1536.76580000
2023-10-10,1868.00000000,1872.00000000,1860.00000000,1863.00000000,443.51380000
2023-10-11,1864.00000000,1880.00000000,1859.00000000,1876.00000000,722.74700000
2023-10-12,1875.00000000,1882.00000000,1862.00000000,1873.00000000,469.79200000
2023-10-13,1873.00000000,1922.00000000,1870.00000000,1917.00000000,1248.62460000
2023-10-14,1917.00000000,1920.00000000,1908.00000000,1919.00000000,560.14100000
2023-10-15,1919.00000000,1935.00000000,1915.00000000,1916.00000000,905.11100000
2023-10-16,1916.00000000,1921.00000000,1892.00000000,1908.00000000,953.32620000
2023-10-17,1908.00000000,1926.00000000,1900.00000000,1919.00000000,894.40250000
2023-10-18,1919.00000000,1947.00000000,1916.00000000,1941.00000000,1181.06660000
2023-10-19,1941.00000000,1964.00000000,1932.00000000,1962.00000000,1702.71200000
2023-10-20,1963.00000000,1979.00000000,1956.00000000,1965.00000000,1955.72960000
2023-10-21,1965.00000000,1969.00000000,1957.00000000,1965.00000000,402.87300000
2023-10-22,1965.00000000,1975.00000000,1960.00000000,1965.00000000,532.61280000
2023-10-23,1965.00000000,1975.00000000,1945.00000000,1954.00000000,1207.67610000
2023-10-24,1956.00000000,1968.00000000,1936.00000000,1953.00000000,1614.71900000
2023-10-25,1952.00000000,1970.00000000,1949.00000000,1962.00000000,1056.37380000
2023-10-26,1962.00000000,1972.00000000,1953.00000000,1966.00000000,1159.41050000
2023-10-27,1966.00000000,1992.00000000,1961.00000000,1987.00000000,1505.00020000
2023-10-28,1987.00000000,1993.00000000,1984.00000000,1986.00000000,389.32540000
2023-10-29,1986.00000000,1992.00000000,1973.00000000,1983.00000000,948.58690000
2023-10-30,1982.00000000,1989.00000000,1971.00000000,1976.00000000,695.43620000
2023-10-31,1976.00000000,1986.00000000,1962.00000000,1966.00000000,725.26440000
2023-11-01,1966.00000000,1973.00000000,1948.00000000,1964.00000000,982.83410000
2023-11-02,1964.00000000,1968.00000000,1950.00000000,1963.00000000,1233.73180000
2023-11-03,1962.00000000,1983.00000000,1958.00000000,1971.00000000,796.89750000
2023-11-04,1971.00000000,1976.00000000,1954.00000000,1966.00000000,640.35250000
2023-11-05,1966.00000000,1975.00000000,1946.00000000,1960.00000000,1163.94090000
2023-11-06,1959.00000000,1966.00000000,1951.00000000,1956.00000000,577.62070000
2023-11-07,1956.00000000,1956.00000000,1936.00000000,1947.00000000,847.67100000
2023-11-08,1947.00000000,1950.00000000,1928.00000000,1930.00000000,729.28880000
2023-11-09,1930.00000000,1949.00000000,1924.00000000,1943.00000000,1510.40960000
2023-11-10,1942.00000000,1945.00000000,1919.00000000,1924.00000000,1065.61590000
2023-11-11,1924.00000000,1927.00000000,1913.00000000,1920.00000000,551.57260000
2023-11-12,1920.00000000,1921.00000000,1913.00000000,1919.00000000,413.33050000
2023-11-13,1919.00000000,1941.00000000,1913.00000000,1929.00000000,973.93200000
2023-11-14,1930.00000000,1953.00000000,1906.00000000,1942.00000000,1464.56240000
2023-11-15,1941.00000000,1959.00000000,1933.00000000,1939.00000000,1055.01800000
2023-11-16,1940.00000000,1966.00000000,1930.00000000,1960.00000000,1309.07750000
2023-11-17,1960.00000000,1977.00000000,1960.00000000,1967.00000000,895.80140000
2023-11-18,1967.00000000,1969.00000000,1958.00000000,1960.00000000,379.64100000
2023-11-19,1961.00000000,1966.00000000,1951.00000000,1957.00000000,388.24100000
2023-11-20,1958.00000000,1965.00000000,1950.00000000,1961.00000000,594.61200000
2023-11-21,1961.00000000,1989.00000000,1959.00000000,1977.00000000,1534.63580000
2023-11-22,1977.00000000,1988.00000000,1972.00000000,1982.00000000,815.83020000
2023-11-23,1982.00000000,1988.00000000,1976.00000000,1980.00000000,699.41280000
2023-11-24,1979.00000000,1989.00000000,1976.00000000,1985.00000000,552.93800000
2023-11-25,1985.00000000,1989.00000000,1975.00000000,1983.00000000,516.94410000
2023-11-26,1982.00000000,1989.00000000,1980.00000000,1984.00000000,376.55310000
2023-11-27,1983.00000000,2000.00000000,1983.00000000,1997.00000000,1193.69480000
2023-11-28,1997.00000000,2031.00000000,1993.00000000,2023.00000000,1391.32970000
2023-11-29,2023.00000000,2031.00000000,2011.00000000,2025.00000000,707.87860000
2023-11-30,2024.00000000,2031.00000000,2015.00000000,2023.00000000,594.03750000
2023-12-01,2023.00000000,2058.00000000,2019.00000000,2051.00000000,1626.57240000
2023-12-02,2050.00000000,2053.00000000,2042.00000000,2044.00000000,731.76350000
2023-12-03,2044.00000000,2095.00000000,2041.00000000,2088.00000000,1408.00930000
2023-12-04,2090.00000000,2090.00000000,2014.00000000,2026.00000000,1746.34360000
2023-12-05,2026.00000000,2034.00000000,2006.00000000,2012.00000000,1119.76010000
2023-12-06,2012.00000000,2020.00000000,2002.00000000,2007.00000000,902.35280000
2023-12-07,2007.00000000,2026.00000000,2005.00000000,2018.00000000,872.25390000
2023-12-08,2018.00000000,2023.00000000,1989.00000000,2003.00000000,1136.60830000
2023-12-09,2003.00000000,2012.00000000,1979.00000000,1997.00000000,1214.13210000
2023-12-10,1997.00000000,1998.00000000,1982.00000000,1990.00000000,590.80980000
2023-12-11,1991.00000000,1994.00000000,1965.00000000,1970.00000000,1529.26710000
2023-12-12,1970.00000000,1979.00000000,1957.00000000,1964.00000000,850.22750000
2023-12-13,1964.00000000,2012.00000000,1950.00000000,2011.00000000,1206.48080000
2023-12-14,2012.00000000,2029.00000000,2001.00000000,2017.00000000,1344.29800000
2023-12-15,2017.00000000,2027.00000000,2001.00000000,2003.00000000,645.90780000
2023-12-16,2003.00000000,2008.00000000,1993.00000000,1995.00000000,325.65190000
2023-12-17,1996.00000000,2002.00000000,1989.00000000,1999.00000000,380.08650000
2023-12-18,1997.00000000,2019.00000000,1997.00000000,2011.00000000,763.56400000
2023-12-19,2012.00000000,2028.00000000,2005.00000000,2020.00000000,788.79900000
2023-12-20,2020.00000000,2028.00000000,2007.00000000,2012.00000000,517.13140000
2023-12-21,2011.00000000,2033.00000000,2010.00000000,2030.00000000,1163.17420000
2023-12-22,2030.00000000,2048.00000000,2026.00000000,2028.00000000,938.17180000
2023-12-23,2028.00000000,2038.00000000,2024.00000000,2026.00000000,487.84370000
2023-12-24,2025.00000000,2032.00000000,2023.00000000,2029.00000000,336.17000000
2023-12-25,2028.00000000,2033.00000000,2016.00000000,2031.00000000,651.08270000
2023-12-26,2030.00000000,2039.00000000,2024.00000000,2036.00000000,1099.30210000
2023-12-27,2035.00000000,2058.00000000,2034.00000000,2053.00000000,933.52620000
2023-12-28,2052.00000000,2069.00000000,2040.00000000,2047.00000000,672.38560000
2023-12-29,2047.00000000,2054.00000000,2030.00000000,2035.00000000,930.79900000
2023-12-30,2034.00000000,2044.00000000,2022.00000000,2029.00000000,433.54040000
2023-12-31,2028.00000000,2036.00000000,2024.00000000,2028.00000000,375.76760000
2024-01-01,2027.00000000,2038.00000000,2024.00000000,2029.00000000,376.82700000
2024-01-02,2029.00000000,2051.00000000,2006.00000000,2035.00000000,1137.50660000
2024-01-03,2033.00000000,2043.00000000,2000.00000000,2018.00000000,1198.40030000
2024-01-04,2018.00000000,2028.00000000,2010.00000000,2021.00000000,603.93640000
2024-01-05,2021.00000000,2040.00000000,2011.00000000,2020.00000000,806.39540000
2024-01-06,2021.00000000,2022.00000000,2004.00000000,2016.00000000,411.08660000
2024-01-07,2017.00000000,2021.00000000,2009.00000000,2015.00000000,271.62170000
2024-01-08,2014.00000000,2025.00000000,2000.00000000,2007.00000000,970.48750000
2024-01-09,2008.00000000,2022.00000000,2006.00000000,2015.00000000,543.39070000
2024-01-10,2014.00000000,2028.00000000,1994.00000000,2000.00000000,1493.75780000
2024-01-11,1999.00000000,2015.00000000,1990.00000000,2012.00000000,1683.09160000
2024-01-12,2011.00000000,2034.00000000,2004.00000000,2022.00000000,1475.77010000
2024-01-13,2021.00000000,2027.00000000,2016.00000000,2018.00000000,624.87680000
2024-01-14,2018.00000000,2025.00000000,2015.00000000,2022.00000000,343.38110000
2024-01-15,2022.00000000,2050.00000000,2022.00000000,2040.00000000,830.71940000
2024-01-16,2040.00000000,2047.00000000,2011.00000000,2018.00000000,443.13140000
2024-01-17,2019.00000000,2026.00000000,2000.00000000,2005.00000000,663.29030000
2024-01-18,2005.00000000,2020.00000000,2001.00000000,2016.00000000,608.53760000
2024-01-19,2015.00000000,2022.00000000,2005.00000000,2010.00000000,708.56570000
2024-01-20,2010.00000000,2017.00000000,2007.00000000,2014.00000000,211.63110000
2024-01-21,2013.00000000,2016.00000000,2006.00000000,2008.00000000,280.57380000
2024-01-22,2008.00000000,2012.00000000,2000.00000000,2001.00000000,862.10790000
2024-01-23,2002.00000000,2016.00000000,2000.00000000,2009.00000000,764.09020000
2024-01-24,2009.00000000,2015.00000000,2000.00000000,2004.00000000,471.66060000
2024-01-25,2004.00000000,2012.00000000,1994.00000000,2003.00000000,786.51360000
2024-01-26,2004.00000000,2010.00000000,1998.00000000,1999.00000000,537.75270000
2024-01-27,1999.00000000,2004.00000000,1993.00000000,1998.00000000,367.08140000
2024-01-28,1998.00000000,2008.00000000,1994.00000000,2007.00000000,546.98760000
2024-01-29,2007.00000000,2016.00000000,2001.00000000,2009.00000000,1225.94360000
2024-01-30,2009.00000000,2016.00000000,2002.00000000,2015.00000000,1146.99970000
2024-01-31,2015.00000000,2036.00000000,2012.00000000,2023.00000000,1095.70460000
2024-02-01,2023.00000000,2044.00000000,2017.00000000,2036.00000000,856.64240000
2024-02-02,2036.00000000,2040.00000000,2016.00000000,2025.00000000,431.96220000
2024-02-03,2022.00000000,2049.00000000,2018.00000000,2019.00000000,245.13070000
2024-02-04,2019.00000000,2027.00000000,2016.00000000,2019.00000000,351.01390000
2024-02-05,2021.00000000,2021.00000000,2003.00000000,2008.00000000,378.13740000
2024-02-06,2008.00000000,2026.00000000,2005.00000000,2016.00000000,410.56410000
2024-02-07,2016.00000000,2025.00000000,2010.00000000,2017.00000000,527.01930000
2024-02-08,2016.00000000,2021.00000000,1975.00000000,2013.00000000,925.82290000
2024-02-09,2012.00000000,2016.00000000,1998.00000000,2002.00000000,1231.86740000
2024-02-10,2001.00000000,2009.00000000,1984.00000000,1999.00000000,727.59270000
2024-02-11,1999.00000000,2007.00000000,1996.00000000,2005.00000000,338.35580000
2024-02-12,2004.00000000,2010.00000000,1994.00000000,2001.00000000,1772.89220000
2024-02-13,2000.00000000,2009.00000000,1981.00000000,1987.00000000,770.75610000
2024-02-14,1988.00000000,1994.00000000,1968.00000000,1980.00000000,1417.37120000
2024-02-15,1980.00000000,1989.00000000,1971.00000000,1982.00000000,1102.00290000
2024-02-16,1982.00000000,1996.00000000,1974.00000000,1986.00000000,1004.26830000
2024-02-17,1985.00000000,1999.00000000,1985.00000000,1991.00000000,570.05700000
2024-02-18,1990.00000000,1994.00000000,1982.00000000,1991.00000000,662.07060000
2024-02-19,1990.00000000,2000.00000000,1982.00000000,1989.00000000,879.71710000
2024-02-20,1989.00000000,2009.00000000,1981.00000000,2004.00000000,1017.66010000
2024-02-21,2004.00000000,2009.00000000,2000.00000000,2002.00000000,603.14870000
2024-02-22,2002.00000000,2010.00000000,1997.00000000,2001.00000000,800.07130000
2024-02-23,2001.00000000,2015.00000000,1994.00000000,2008.00000000,793.97250000
2024-02-24,2008.00000000,2012.00000000,2006.00000000,2008.00000000,316.49390000
2024-02-25,2008.00000000,2011.00000000,1999.00000000,2008.00000000,355.00140000
2024-02-26,2008.00000000,2014.00000000,2001.00000000,2005.00000000,953.76310000
2024-02-27,2005.00000000,2008.00000000,2000.00000000,2005.00000000,1193.91570000
2024-02-28,2005.00000000,2022.00000000,2001.00000000,2019.00000000,2194.84790000
2024-02-29,2018.00000000,2029.00000000,1989.00000000,1995.00000000,2186.51500000
2024-03-01,1996.00000000,2039.00000000,1992.00000000,2019.00000000,4715.78150000
2024-03-02,2019.00000000,2034.00000000,2016.00000000,2031.00000000,1015.18580000
2024-03-03,2030.00000000,2039.00000000,2016.00000000,2023.00000000,1596.28140000
2024-03-04,2024.00000000,2076.00000000,2003.00000000,2065.00000000,3875.10890000
2024-03-05,2065.00000000,2098.00000000,2057.00000000,2089.00000000,4970.50820000
2024-03-06,2089.00000000,2119.00000000,2081.00000000,2111.00000000,2125.09035200
2024-03-07,2110.00000000,2140.00000000,2106.00000000,2131.00000000,2110.93700000
2024-03-08,2131.00000000,2167.00000000,2120.00000000,2131.00000000,2115.01110000
2024-03-09,2131.00000000,2141.00000000,2126.00000000,2130.00000000,917.06140000
2024-03-10,2130.00000000,2141.00000000,2116.00000000,2141.00000000,1274.02540000
2024-03-11,2139.00000000,2174.00000000,2130.00000000,2160.00000000,1942.04510000
2024-03-12,2161.00000000,2164.00000000,2129.00000000,2144.00000000,1500.22370000
2024-03-13,2144.00000000,2162.00000000,2137.00000000,2153.00000000,885.12010000
2024-03-14,2154.00000000,2165.00000000,2138.00000000,2145.00000000,1199.40800000
2024-03-15,2145.00000000,2155.00000000,2124.00000000,2134.00000000,2002.47230000
2024-03-16,2133.00000000,2141.00000000,2109.00000000,2118.00000000,1265.58640000
2024-03-17,2118.00000000,2132.00000000,2111.00000000,2122.00000000,951.45290000
2024-03-18,2122.00000000,2144.00000000,2117.00000000,2142.00000000,903.15820000
2024-03-19,2142.00000000,2147.00000000,2126.00000000,2132.00000000,1921.14350000
2024-03-20,2132.00000000,2196.00000000,2125.00000000,2185.00000000,2169.19790000
2024-03-21,2185.00000000,2201.00000000,2156.00000000,2174.00000000,1326.23880000
2024-03-22,2174.00000000,2181.00000000,2139.00000000,2150.00000000,917.10070000
2024-03-23,2149.00000000,2164.00000000,2143.00000000,2146.00000000,437.00920000
2024-03-24,2149.00000000,2163.00000000,2139.00000000,2163.00000000,566.58750000
2024-03-25,2160.00000000,2180.00000000,2150.00000000,2171.00000000,1182.55580000
2024-03-26,2172.00000000,2184.00000000,2154.00000000,2166.00000000,1050.23770000
2024-03-27,2165.00000000,2177.00000000,2156.00000000,2172.00000000,900.31700000
2024-03-28,2172.00000000,2218.00000000,2165.00000000,2212.00000000,998.65970000
2024-03-29,2213.00000000,2220.00000000,2200.00000000,2218.00000000,579.24580000
2024-03-30,2219.00000000,2227.00000000,2201.00000000,2205.00000000,476.89210000
2024-03-31,2205.00000000,2224.00000000,2204.00000000,2222.00000000,442.29270000
2024-04-01,2221.00000000,2245.00000000,2211.00000000,2230.00000000,1116.74180000
2024-04-02,2230.00000000,2268.00000000,2223.00000000,2262.00000000,1450.12540000
2024-04-03,2262.00000000,2330.00000000,2248.00000000,2300.00000000,1962.94420000
2024-04-04,2301.00000000,2303.00000000,2265.00000000,2269.00000000,1106.14280000
2024-04-05,2268.00000000,2324.00000000,2250.00000000,2317.00000000,1334.37410000
2024-04-06,2316.00000000,2317.00000000,2300.00000000,2304.00000000,554.74190000
2024-04-07,2303.00000000,2313.00000000,2286.00000000,2291.00000000,794.13240000
2024-04-08,2289.00000000,2329.00000000,2286.00000000,2320.00000000,1340.20100000
2024-04-09,2319.00000000,2353.00000000,2316.00000000,2333.00000000,1184.58540000
2024-04-10,2333.00000000,2344.00000000,2300.00000000,2324.00000000,1531.32170000
2024-04-11,2324.00000000,2375.00000000,2316.00000000,2365.00000000,956.97470000
2024-04-12,2364.00000000,2429.00000000,2289.00000000,2355.00000000,2989.98460000
2024-04-13,2354.00000000,3295.00000000,2323.00000000,2452.00000000,17415.40041600
2024-04-14,2452.00000000,2539.00000000,2366.00000000,2391.00000000,8704.31430000
2024-04-15,2388.00000000,2487.00000000,2335.00000000,2432.00000000,5391.16140000
2024-04-16,2431.00000000,2447.00000000,2381.00000000,2404.00000000,4105.27760000
2024-04-17,2403.00000000,2418.00000000,2381.00000000,2396.00000000,2128.93960000
2024-04-18,2396.00000000,2404.00000000,2382.00000000,2384.00000000,1344.20670000
2024-04-19,2385.00000000,2469.00000000,2374.00000000,2394.00000000,4296.48590000
2024-04-20,2394.00000000,2402.00000000,2375.00000000,2390.00000000,1454.94670000
2024-04-21,2389.00000000,2392.00000000,2370.00000000,2377.00000000,951.96970000
2024-04-22,2377.00000000,2385.00000000,2311.00000000,2322.00000000,1608.65650000
2024-04-23,2323.00000000,2341.00000000,2281.00000000,2309.00000000,1539.30960000
2024-04-24,2309.00000000,2322.00000000,2292.00000000,2296.00000000,902.42970000
2024-04-25,2296.00000000,2367.00000000,2291.00000000,2327.00000000,1249.14500000
2024-04-26,2327.00000000,2348.00000000,2317.00000000,2345.00000000,631.42600000
2024-04-27,2344.00000000,2371.00000000,2332.00000000,2357.00000000,742.34500000
2024-04-28,2356.00000000,2383.00000000,2350.00000000,2356.00000000,794.32720000
2024-04-29,2355.00000000,2363.00000000,2332.00000000,2344.00000000,1161.64180000
2024-04-30,2344.00000000,2355.00000000,2286.00000000,2302.00000000,1456.84390000
2024-05-01,2302.00000000,2323.00000000,2281.00000000,2310.00000000,1860.05410000
2024-05-02,2311.00000000,2313.00000000,2280.00000000,2291.00000000,818.40680000
2024-05-03,2291.00000000,2305.00000000,2280.00000000,2289.00000000,909.10620000
2024-05-04,2289.00000000,2292.00000000,2276.00000000,2286.00000000,923.76050000
2024-05-05,2286.00000000,2289.00000000,2265.00000000,2284.00000000,434.25190000
2024-05-06,2285.00000000,2314.00000000,2283.00000000,2303.00000000,1217.71320000
2024-05-07,2303.00000000,2312.00000000,2287.00000000,2288.00000000,765.96020000
2024-05-08,2289.00000000,2308.00000000,2282.00000000,2297.00000000,1001.30350000
2024-05-09,2297.00000000,2344.00000000,2288.00000000,2340.00000000,1464.10160000
2024-05-10,2342.00000000,2361.00000000,2318.00000000,2332.00000000,1585.34380000
2024-05-11,2332.00000000,2351.00000000,2325.00000000,2340.00000000,380.60800000
2024-05-12,2340.00000000,2349.00000000,2335.00000000,2343.00000000,320.22110000
2024-05-13,2344.00000000,2350.00000000,2320.00000000,2320.00000000,911.93910000
2024-05-14,2320.00000000,2344.00000000,2320.00000000,2340.00000000,591.05880000
2024-05-15,2340.00000000,2387.00000000,2338.00000000,2380.00000000,1289.35810000
2024-05-16,2380.00000000,2392.00000000,2353.00000000,2361.00000000,723.45540000
2024-05-17,2362.00000000,2397.00000000,2357.00000000,2390.00000000,1184.83400000
2024-05-18,2390.00000000,2394.00000000,2380.00000000,2385.00000000,411.97030000
2024-05-19,2386.00000000,2418.00000000,2375.00000000,2405.00000000,1088.39170000
2024-05-20,2405.00000000,2427.00000000,2392.00000000,2414.00000000,2483.67740000
2024-05-21,2414.00000000,2423.00000000,2399.00000000,2413.00000000,1628.37830000
2024-05-22,2413.00000000,2414.00000000,2370.00000000,2385.00000000,1448.97550000
2024-05-23,2385.00000000,2395.00000000,2331.00000000,2343.00000000,1676.56340000
2024-05-24,2343.00000000,2400.00000000,2341.00000000,2346.00000000,1416.65020000
2024-05-25,2347.00000000,2353.00000000,2336.00000000,2346.00000000,440.20530000
2024-05-26,2346.00000000,2355.00000000,2342.00000000,2351.00000000,339.18310000
2024-05-27,2351.00000000,2370.00000000,2342.00000000,2357.00000000,854.40510000
2024-05-28,2358.00000000,2361.00000000,2326.00000000,2350.00000000,948.35390000
2024-05-29,2351.00000000,2358.00000000,2325.00000000,2325.00000000,571.98580000
2024-05-30,2328.00000000,2350.00000000,2318.00000000,2338.00000000,789.90660000
2024-05-31,2338.00000000,2355.00000000,2325.00000000,2332.00000000,815.66070000
2024-06-01,2333.00000000,2349.00000000,2326.00000000,2344.00000000,426.22280000
2024-06-02,2344.00000000,2351.00000000,2333.00000000,2335.00000000,419.44480000
2024-06-03,2335.00000000,2353.00000000,2325.00000000,2347.00000000,664.60490000
2024-06-04,2347.00000000,2353.00000000,2325.00000000,2335.00000000,646.49550000
2024-06-05,2336.00000000,2359.00000000,2331.00000000,2359.00000000,645.11990000
2024-06-06,2359.00000000,2369.00000000,2349.00000000,2365.00000000,544.15800000
2024-06-07,2365.00000000,2371.00000000,2292.00000000,2310.00000000,1922.42630000
2024-06-08,2311.00000000,2316.00000000,2295.00000000,2301.00000000,316.27000000
2024-06-09,2302.00000000,2318.00000000,2301.00000000,2312.00000000,356.53690000
2024-06-10,2312.00000000,2325.00000000,2304.00000000,2316.00000000,388.69620000
2024-06-11,2316.00000000,2323.00000000,2306.00000000,2314.00000000,792.95880000
2024-06-12,2314.00000000,2344.00000000,2310.00000000,2314.00000000,1380.38840000
2024-06-13,2315.00000000,2318.00000000,2292.00000000,2297.00000000,585.13490000
2024-06-14,2297.00000000,2330.00000000,2297.00000000,2321.00000000,963.96470000
2024-06-15,2321.00000000,2337.00000000,2319.00000000,2333.00000000,508.58490000
2024-06-16,2333.00000000,2370.00000000,2323.00000000,2326.00000000,582.94670000
2024-06-17,2326.00000000,2327.00000000,2304.00000000,2314.00000000,532.13980000
2024-06-18,2314.00000000,2330.00000000,2304.00000000,2319.00000000,899.51540000
2024-06-19,2320.00000000,2328.00000000,2311.00000000,2316.00000000,411.96210000
2024-06-20,2317.00000000,2348.00000000,2313.00000000,2346.00000000,652.77950000
2024-06-21,2347.00000000,2349.00000000,2311.00000000,2321.00000000,715.59540000
2024-06-22,2321.00000000,2328.00000000,2315.00000000,2317.00000000,186.73790000
2024-06-23,2318.00000000,2320.00000000,2310.00000000,2313.00000000,201.93980000
2024-06-24,2315.00000000,2321.00000000,2303.00000000,2311.00000000,999.19740000
2024-06-25,2311.00000000,2319.00000000,2296.00000000,2302.00000000,650.93430000
2024-06-26,2302.00000000,2305.00000000,2286.00000000,2293.00000000,493.39660000
2024-06-27,2294.00000000,2315.00000000,2290.00000000,2308.00000000,433.11240000
2024-06-28,2308.00000000,2320.00000000,2306.00000000,2309.00000000,364.47490000
2024-06-29,2309.00000000,2314.00000000,2305.00000000,2308.00000000,173.65660000
2024-06-30,2309.00000000,2316.00000000,2305.00000000,2312.00000000,258.83120000
2024-07-01,2313.00000000,2320.00000000,2308.00000000,2314.00000000,687.79600000
2024-07-02,2315.00000000,2328.00000000,2313.00000000,2323.00000000,436.14610000
2024-07-03,2322.00000000,2347.00000000,2315.00000000,2341.00000000,837.79740000
2024-07-04,2342.00000000,2347.00000000,2323.00000000,2326.00000000,1212.18580000
2024-07-05,2327.00000000,2361.00000000,2313.00000000,2354.00000000,2209.76930000
2024-07-06,2355.00000000,2363.00000000,2337.00000000,2354.00000000,655.16080000
2024-07-07,2353.00000000,2368.00000000,2347.00000000,2355.00000000,792.27320000
2024-07-08,2355.00000000,2364.00000000,2327.00000000,2345.00000000,1388.09150000
2024-07-09,2345.00000000,2350.00000000,2336.00000000,2343.00000000,459.34170000
2024-07-10,2344.00000000,2362.00000000,2339.00000000,2354.00000000,566.95980000
2024-07-11,2354.00000000,2399.00000000,2352.00000000,2391.00000000,1059.04740000
2024-07-12,2392.00000000,2400.00000000,2372.00000000,2390.00000000,584.45670000
2024-07-13,2390.00000000,2401.00000000,2379.00000000,2390.00000000,427.79670000
2024-07-14,2389.00000000,2411.00000000,2383.00000000,2391.00000000,653.60130000
2024-07-15,2392.00000000,2413.00000000,2379.00000000,2403.00000000,860.20870000
2024-07-16,2403.00000000,2453.00000000,2397.00000000,2446.00000000,1710.12220000
2024-07-17,2447.00000000,2467.00000000,2432.00000000,2442.00000000,806.06870000
2024-07-18,2442.00000000,2460.00000000,2411.00000000,2425.00000000,629.52810000
2024-07-19,2425.00000000,2427.00000000,2387.00000000,2409.00000000,2847.61520000
2024-07-20,2407.00000000,2418.00000000,2388.00000000,2399.00000000,553.96310000
2024-07-21,2399.00000000,2418.00000000,2398.00000000,2410.00000000,440.69490000
2024-07-22,2410.00000000,2438.00000000,2385.00000000,2391.00000000,723.44100000
2024-07-23,2391.00000000,2406.00000000,2383.00000000,2399.00000000,702.54480000
2024-07-24,2400.00000000,2419.00000000,2385.00000000,2390.00000000,916.28030000
2024-07-25,2389.00000000,2393.00000000,2355.00000000,2370.00000000,1134.94750000
2024-07-26,2369.00000000,2410.00000000,2363.00000000,2387.00000000,571.68870000
2024-07-27,2387.00000000,2404.00000000,2375.00000000,2384.00000000,365.06610000
2024-07-28,2383.00000000,2398.00000000,2378.00000000,2392.00000000,249.53610000
2024-07-29,2392.00000000,2411.00000000,2371.00000000,2385.00000000,546.64320000
2024-07-30,2385.00000000,2410.00000000,2382.00000000,2400.00000000,440.35470000
2024-07-31,2401.00000000,2452.00000000,2397.00000000,2434.00000000,1062.48020000
2024-08-01,2435.00000000,2453.00000000,2416.00000000,2430.00000000,1152.18070000
2024-08-02,2430.00000000,2484.00000000,2405.00000000,2458.00000000,2084.75780000
2024-08-03,2458.00000000,2476.00000000,2428.00000000,2467.00000000,1329.85230000
2024-08-04,2467.00000000,2510.00000000,2443.00000000,2452.00000000,2042.18550000
2024-08-05,2452.00000000,2469.00000000,2339.00000000,2395.00000000,5393.84680000
2024-08-06,2395.00000000,2418.00000000,2380.00000000,2384.00000000,1593.51780000
2024-08-07,2386.00000000,2392.00000000,2370.00000000,2374.00000000,1416.95060000
2024-08-08,2373.00000000,2427.00000000,2371.00000000,2417.00000000,1199.90690000
2024-08-09,2417.00000000,2425.00000000,2409.00000000,2419.00000000,714.89130000
2024-08-10,2419.00000000,2429.00000000,2413.00000000,2427.00000000,264.66420000
2024-08-11,2428.00000000,2437.00000000,2421.00000000,2431.00000000,618.80420000
2024-08-12,2432.00000000,2469.00000000,2421.00000000,2465.00000000,1140.63160000
2024-08-13,2466.00000000,2477.00000000,2407.00000000,2454.00000000,1835.92210000
2024-08-14,2454.00000000,2474.00000000,2438.00000000,2443.00000000,979.18960000
2024-08-15,2444.00000000,2468.00000000,2439.00000000,2451.00000000,902.11300000
2024-08-16,2451.00000000,2499.00000000,2427.00000000,2491.00000000,1923.92980000
2024-08-17,2492.00000000,2530.00000000,2489.00000000,2517.00000000,948.70010000
2024-08-18,2517.00000000,2520.00000000,2500.00000000,2505.00000000,495.74540000
2024-08-19,2505.00000000,2511.00000000,2486.00000000,2509.00000000,837.87290000
2024-08-20,2505.00000000,2521.00000000,2491.00000000,2506.00000000,918.17350000
2024-08-21,2507.00000000,2514.00000000,2490.00000000,2502.00000000,771.26420000
2024-08-22,2504.00000000,2505.00000000,2476.00000000,2486.00000000,689.26090000
2024-08-23,2488.00000000,2520.00000000,2485.00000000,2511.00000000,1111.25020000
2024-08-24,2511.00000000,2519.00000000,2504.00000000,2510.00000000,475.11420000
2024-08-25,2512.00000000,2527.00000000,2506.00000000,2512.00000000,602.94310000
2024-08-26,2513.00000000,2524.00000000,2482.00000000,2508.00000000,1086.28440000
2024-08-27,2508.00000000,2520.00000000,2490.00000000,2508.00000000,1087.53630000
2024-08-28,2509.00000000,2512.00000000,2484.00000000,2499.00000000,806.78270000
2024-08-29,2500.00000000,2516.00000000,2499.00000000,2509.00000000,643.04250000
2024-08-30,2509.00000000,2515.00000000,2487.00000000,2496.00000000,805.87990000
2024-08-31,2496.00000000,2503.00000000,2489.00000000,2496.00000000,261.66640000
2024-09-01,2496.00000000,2515.00000000,2490.00000000,2493.00000000,618.13160000
2024-09-02,2492.00000000,2524.00000000,2480.00000000,2497.00000000,817.39690000
2024-09-03,2497.00000000,2505.00000000,2479.00000000,2493.00000000,683.84780000
2024-09-04,2493.00000000,2503.00000000,2473.00000000,2501.00000000,704.14140000
2024-09-05,2501.00000000,2516.00000000,2493.00000000,2510.00000000,985.65390000
2024-09-06,2509.00000000,2533.00000000,2493.00000000,2502.00000000,2181.10620000
2024-09-07,2502.00000000,2515.00000000,2493.00000000,2493.00000000,422.09690000
2024-09-08,2493.00000000,2507.00000000,2493.00000000,2497.00000000,276.58540000
2024-09-09,2498.00000000,2518.00000000,2496.00000000,2507.00000000,684.79840000
2024-09-10,2507.00000000,2523.00000000,2502.00000000,2518.00000000,814.36030000
2024-09-11,2518.00000000,2527.00000000,2500.00000000,2513.00000000,892.40340000
2024-09-12,2513.00000000,2555.00000000,2509.00000000,2553.00000000,1481.99580000
2024-09-13,2554.00000000,2585.00000000,2552.00000000,2578.00000000,882.43800000
2024-09-14,2578.00000000,2581.00000000,2569.00000000,2577.00000000,368.74450000
2024-09-15,2577.00000000,2600.00000000,2570.00000000,2579.00000000,575.65490000
2024-09-16,2579.00000000,2609.00000000,2576.00000000,2592.00000000,1141.69170000
2024-09-17,2592.00000000,2618.00000000,2571.00000000,2582.00000000,1517.58190000
2024-09-18,2581.00000000,2608.00000000,2560.00000000,2578.00000000,1466.47340000
2024-09-19,2577.00000000,2597.00000000,2553.00000000,2590.00000000,1494.75550000
2024-09-20,2589.00000000,2630.00000000,2587.00000000,2625.00000000,1117.07160000
2024-09-21,2625.00000000,2633.00000000,2613.00000000,2631.00000000,479.47910000
2024-09-22,2631.00000000,2632.00000000,2611.00000000,2622.00000000,620.10210000
2024-09-23,2621.00000000,2636.00000000,2611.00000000,2627.00000000,807.88610000
2024-09-24,2627.00000000,2660.00000000,2622.00000000,2652.00000000,980.87690000
2024-09-25,2652.00000000,2667.00000000,2648.00000000,2653.00000000,992.21430000
2024-09-26,2652.00000000,2678.00000000,2648.00000000,2660.00000000,1153.04670000
2024-09-27,2661.00000000,2673.00000000,2645.00000000,2651.00000000,1159.66960000
2024-09-28,2650.00000000,2663.00000000,2648.00000000,2659.00000000,382.95690000
2024-09-29,2659.00000000,2670.00000000,2653.00000000,2662.00000000,428.73610000
2024-09-30,2663.00000000,2665.00000000,2619.00000000,2636.00000000,1597.79680000
2024-10-01,2637.00000000,2700.00000000,2635.00000000,2678.00000000,3649.94900000
2024-10-02,2681.00000000,2699.00000000,2650.00000000,2669.00000000,1875.76160000
2024-10-03,2669.00000000,2677.00000000,2649.00000000,2666.00000000,1184.96670000
2024-10-04,2663.00000000,2691.00000000,2648.00000000,2661.00000000,1387.73850000
2024-10-05,2661.00000000,2711.00000000,2654.00000000,2684.00000000,1624.31670000
2024-10-06,2685.00000000,2692.00000000,2671.00000000,2678.00000000,505.85340000
2024-10-07,2679.00000000,2691.00000000,2653.00000000,2657.00000000,1526.51000000
2024-10-08,2657.00000000,2668.00000000,2611.00000000,2633.00000000,1460.69020000
2024-10-09,2635.00000000,2644.00000000,2617.00000000,2622.00000000,653.96470000
2024-10-10,2624.00000000,2647.00000000,2616.00000000,2644.00000000,890.59190000
2024-10-11,2645.00000000,2672.00000000,2643.00000000,2670.00000000,861.21190000
2024-10-12,2670.00000000,2676.00000000,2657.00000000,2659.00000000,389.87290000
2024-10-13,2660.00000000,2677.00000000,2658.00000000,2661.00000000,515.36380000
2024-10-14,2662.00000000,2678.00000000,2659.00000000,2660.00000000,881.40590000
2024-10-15,2660.00000000,2673.00000000,2651.00000000,2671.00000000,992.99480000
2024-10-16,2671.00000000,2688.00000000,2668.00000000,2678.00000000,986.70140000
2024-10-17,2679.00000000,2710.00000000,2678.00000000,2705.00000000,1326.18910000
2024-10-18,2705.00000000,2740.00000000,2700.00000000,2727.00000000,1343.92740000
2024-10-19,2726.00000000,2749.00000000,2725.00000000,2738.00000000,628.04910000
2024-10-20,2739.00000000,2751.00000000,2736.00000000,2741.00000000,739.14000000
2024-10-21,2741.00000000,2755.00000000,2730.00000000,2735.00000000,1226.85630000
2024-10-22,2735.00000000,2765.00000000,2733.00000000,2760.00000000,1384.27650000
2024-10-23,2761.00000000,2783.00000000,2727.00000000,2740.00000000,1805.37700000
2024-10-24,2741.00000000,2763.00000000,2737.00000000,2756.00000000,1295.96590000
2024-10-25,2756.00000000,2769.00000000,2736.00000000,2764.00000000,2269.10910000
2024-10-26,2764.00000000,2769.00000000,2748.00000000,2761.00000000,1050.84170000
2024-10-27,2761.00000000,2771.00000000,2750.00000000,2750.00000000,751.58760000
2024-10-28,2751.00000000,2768.00000000,2747.00000000,2753.00000000,1040.45120000
2024-10-29,2753.00000000,2774.00000000,2745.00000000,2766.00000000,1674.96470000
2024-10-30,2766.00000000,2786.00000000,2763.00000000,2785.00000000,1115.34070000
2024-10-31,2785.00000000,2786.00000000,2750.00000000,2754.00000000,1583.37180000
2024-11-01,2754.00000000,2768.00000000,2740.00000000,2745.00000000,1075.73460000
2024-11-02,2746.00000000,2756.00000000,2736.00000000,2751.00000000,484.08920000
2024-11-03,2753.00000000,2755.00000000,2737.00000000,2746.00000000,778.81010000
2024-11-04,2746.00000000,2755.00000000,2740.00000000,2743.00000000,579.89130000
2024-11-05,2743.00000000,2750.00000000,2733.00000000,2736.00000000,907.95000000
2024-11-06,2737.00000000,2741.00000000,2639.00000000,2654.00000000,4416.05250000
2024-11-07,2655.00000000,2711.00000000,2648.00000000,2708.00000000,2252.48420000
2024-11-08,2707.00000000,2715.00000000,2668.00000000,2671.00000000,1159.79360000
2024-11-09,2671.00000000,2684.00000000,2662.00000000,2664.00000000,797.61650000
2024-11-10,2665.00000000,2675.00000000,2643.00000000,2664.00000000,2225.07560000
2024-11-11,2663.00000000,2667.00000000,2585.00000000,2608.00000000,2825.65200000
2024-11-12,2607.00000000,2633.00000000,2542.00000000,2559.00000000,5093.48260000
2024-11-13,2559.00000000,2610.00000000,2557.00000000,2563.00000000,2659.11270000
2024-11-14,2564.00000000,2581.00000000,2545.00000000,2558.00000000,2211.34710000
2024-11-15,2558.00000000,2584.00000000,2554.00000000,2570.00000000,1573.39730000
2024-11-16,2573.00000000,2580.00000000,2540.00000000,2562.00000000,1295.04700000
2024-11-17,2564.00000000,2584.00000000,2550.00000000,2579.00000000,966.95320000
2024-11-18,2580.00000000,2628.00000000,2577.00000000,2621.00000000,1966.42070000
2024-11-19,2621.00000000,2649.00000000,2618.00000000,2643.00000000,1857.37020000
2024-11-20,2644.00000000,2662.00000000,2628.00000000,2651.00000000,1468.01910000
2024-11-21,2651.00000000,2690.00000000,2650.00000000,2669.00000000,2317.93590000
2024-11-22,2669.00000000,2724.00000000,2665.00000000,2721.00000000,1909.19260000
2024-11-23,2722.00000000,2745.00000000,2717.00000000,2722.00000000,1409.73440000
2024-11-24,2722.00000000,2737.00000000,2708.00000000,2730.00000000,1401.55510000
2024-11-25,2730.00000000,2730.00000000,2628.00000000,2630.00000000,3101.32850000
2024-11-26,2631.00000000,2658.00000000,2623.00000000,2637.00000000,1589.24170000
2024-11-27,2636.00000000,2669.00000000,2632.00000000,2645.00000000,1726.04720000
2024-11-28,2646.00000000,2653.00000000,2623.00000000,2637.00000000,932.90190000
2024-11-29,2638.00000000,2663.00000000,2632.00000000,2638.00000000,1322.02400000
2024-11-30,2639.00000000,2654.00000000,2636.00000000,2637.00000000,602.41030000
2024-12-01,2637.00000000,2660.00000000,2636.00000000,2655.00000000,1088.43910000
2024-12-02,2655.00000000,2657.00000000,2627.00000000,2637.00000000,1594.75580000
2024-12-03,2637.00000000,2644.00000000,2631.00000000,2635.00000000,1650.11680000
2024-12-04,2635.00000000,2644.00000000,2631.00000000,2637.00000000,2068.10760000
2024-12-05,2637.00000000,2648.00000000,2605.00000000,2625.00000000,2801.55300000
2024-12-06,2625.00000000,2640.00000000,2612.00000000,2627.00000000,1681.49520000
2024-12-07,2627.00000000,2634.00000000,2620.00000000,2624.00000000,801.12280000
2024-12-08,2624.00000000,2635.00000000,2619.00000000,2629.00000000,707.76420000
2024-12-09,2629.00000000,2658.00000000,2622.00000000,2648.00000000,3330.78880000
2024-12-10,2649.00000000,2755.00000000,2641.00000000,2684.00000000,4366.16730000
2024-12-11,2684.00000000,2705.00000000,2670.00000000,2701.00000000,2872.13930000
2024-12-12,2703.00000000,2712.00000000,2674.00000000,2678.00000000,2355.36440000
2024-12-13,2679.00000000,2688.00000000,2656.00000000,2663.00000000,1406.77120000
2024-12-14,2663.00000000,2678.00000000,2647.00000000,2650.00000000,732.18270000
2024-12-15,2650.00000000,2664.00000000,2648.00000000,2658.00000000,665.27390000
2024-12-16,2658.00000000,2675.00000000,2647.00000000,2656.00000000,1260.69560000
2024-12-17,2654.00000000,2670.00000000,2643.00000000,2654.00000000,1464.84650000
2024-12-18,2655.00000000,2661.00000000,2597.00000000,2601.00000000,2351.97700000
2024-12-19,2602.00000000,2658.00000000,2600.00000000,2610.00000000,2845.35270000
2024-12-20,2608.00000000,2639.00000000,2603.00000000,2630.00000000,2563.69180000
2024-12-21,2630.00000000,2640.00000000,2620.00000000,2624.00000000,833.54640000
2024-12-22,2624.00000000,2630.00000000,2610.00000000,2626.00000000,721.34030000
2024-12-23,2626.00000000,2654.00000000,2608.00000000,2622.00000000,1859.53350000
2024-12-24,2622.00000000,2637.00000000,2619.00000000,2630.00000000,883.86420000
2024-12-25,2630.00000000,2648.00000000,2623.00000000,2633.00000000,609.15870000
2024-12-26,2633.00000000,2656.00000000,2631.00000000,2654.00000000,1079.53070000
2024-12-27,2654.00000000,2655.00000000,2627.00000000,2643.00000000,994.56580000
2024-12-28,2643.00000000,2660.00000000,2637.00000000,2656.00000000,784.12580000
2024-12-29,2657.00000000,2660.00000000,2647.00000000,2651.00000000,602.95210000
2024-12-30,2651.00000000,2660.00000000,2618.00000000,2621.00000000,989.61890000
2024-12-31,2621.00000000,2641.00000000,2618.00000000,2633.00000000,822.46890000
2025-01-01,2633.00000000,2660.00000000,2627.00000000,2629.00000000,434.83360000
2025-01-02,2631.00000000,2657.00000000,2630.00000000,2656.00000000,952.10380000
2025-01-03,2657.00000000,2664.00000000,2647.00000000,2648.00000000,1045.13660000
2025-01-04,2649.00000000,2655.00000000,2643.00000000,2647.00000000,334.46830000
2025-01-05,2648.00000000,2656.00000000,2644.00000000,2645.00000000,256.77960000
2025-01-06,2646.00000000,2660.00000000,2639.00000000,2655.00000000,776.98780000
2025-01-07,2655.00000000,2669.00000000,2641.00000000,2652.00000000,1100.97700000
2025-01-08,2653.00000000,2680.00000000,2645.00000000,2665.00000000,1456.84220000
2025-01-09,2666.00000000,2683.00000000,2659.00000000,2670.00000000,1109.09080000
2025-01-10,2672.00000000,2694.00000000,2666.00000000,2686.00000000,988.14580000
2025-01-11,2688.00000000,2700.00000000,2681.00000000,2697.00000000,672.99970000
2025-01-12,2698.00000000,2712.00000000,2692.00000000,2697.00000000,574.35480000
2025-01-13,2698.00000000,2710.00000000,2659.00000000,2670.00000000,2090.00500000
2025-01-14,2670.00000000,2681.00000000,2660.00000000,2674.00000000,970.97030000
2025-01-15,2676.00000000,2706.00000000,2668.00000000,2693.00000000,1785.54840000
2025-01-16,2693.00000000,2724.00000000,2687.00000000,2716.00000000,1141.61980000
2025-01-17,2717.00000000,2720.00000000,2699.00000000,2701.00000000,1052.54350000
2025-01-18,2702.00000000,2708.00000000,2684.00000000,2696.00000000,921.99380000
2025-01-19,2696.00000000,2705.00000000,2664.00000000,2682.00000000,1561.20700000
2025-01-20,2683.00000000,2718.00000000,2679.00000000,2701.00000000,2112.32300000
2025-01-21,2701.00000000,2747.00000000,2696.00000000,2739.00000000,1709.69740000
2025-01-22,2739.00000000,2777.00000000,2738.00000000,2754.00000000,1819.90260000
2025-01-23,2755.00000000,2763.00000000,2736.00000000,2749.00000000,1019.91130000
2025-01-24,2749.00000000,2771.00000000,2736.00000000,2760.00000000,1305.87420000
2025-01-25,2761.00000000,2770.00000000,2757.00000000,2769.00000000,349.89040000
2025-01-26,2769.00000000,2775.00000000,2758.00000000,2762.00000000,304.81730000
2025-01-27,2761.00000000,2764.00000000,2730.00000000,2742.00000000,1613.10950000
2025-01-28,2743.00000000,2772.00000000,2735.00000000,2763.00000000,1077.71270000
2025-01-29,2763.00000000,2797.00000000,2746.00000000,2762.00000000,983.94410000
2025-01-30,2762.00000000,2800.00000000,2761.00000000,2794.00000000,1148.45200000
2025-01-31,2794.00000000,2819.00000000,2790.00000000,2805.00000000,1753.12330000
2025-02-01,2805.00000000,2830.00000000,2800.00000000,2819.00000000,1120.74820000
2025-02-02,2819.00000000,2946.00000000,2808.00000000,2818.00000000,8182.98730000
2025-02-03,2816.00000000,2850.00000000,2772.00000000,2832.00000000,5930.44220000
2025-02-04,2832.00000000,2855.00000000,2812.00000000,2854.00000000,2086.64610000
2025-02-05,2854.00000000,2928.00000000,2852.00000000,2917.00000000,4442.49440000
2025-02-06,2917.00000000,2927.00000000,2866.00000000,2878.00000000,3709.46540000
2025-02-07,2879.00000000,2926.00000000,2869.00000000,2877.00000000,2829.45440000
2025-02-08,2879.00000000,2887.00000000,2856.00000000,2877.00000000,775.84360000
2025-02-09,2878.00000000,2908.00000000,2875.00000000,2901.00000000,879.04240000
2025-02-10,2901.00000000,2934.00000000,2892.00000000,2931.00000000,2049.55490000
2025-02-11,2932.00000000,2950.00000000,2908.00000000,2915.00000000,3354.97730000
2025-02-12,2916.00000000,2930.00000000,2890.00000000,2926.00000000,2433.80430000
2025-02-13,2926.00000000,2950.00000000,2907.00000000,2948.00000000,1704.25100000
2025-02-14,2949.00000000,2957.00000000,2898.00000000,2913.00000000,2628.53550000
2025-02-15,2913.00000000,2914.00000000,2898.00000000,2907.00000000,661.65560000
2025-02-16,2906.00000000,2908.00000000,2892.00000000,2900.00000000,804.30140000
2025-02-17,2901.00000000,2932.00000000,2898.00000000,2913.00000000,1429.69780000
2025-02-18,2914.00000000,2960.00000000,2910.00000000,2948.00000000,1482.59860000
2025-02-19,2948.00000000,2985.00000000,2927.00000000,2947.00000000,1874.20790000
2025-02-20,2947.00000000,2965.00000000,2931.00000000,2953.00000000,2066.73020000
2025-02-21,2953.00000000,2957.00000000,2935.00000000,2950.00000000,1559.32740000
2025-02-22,2950.00000000,2958.00000000,2934.00000000,2955.00000000,645.45560000
2025-02-23,2954.00000000,2970.00000000,2944.00000000,2963.00000000,1254.85230000
2025-02-24,2963.00000000,2991.00000000,2951.00000000,2988.00000000,2458.66020000
2025-02-25,2988.00000000,3000.00000000,2919.00000000,2940.00000000,4289.87350000
2025-02-26,2940.00000000,2944.00000000,2908.00000000,2934.00000000,2141.37770000
2025-02-27,2935.00000000,2935.00000000,2877.00000000,2888.00000000,2321.61760000
2025-02-28,2889.00000000,2893.00000000,2821.00000000,2861.00000000,3356.72200000
2025-03-01,2862.00000000,2893.00000000,2838.00000000,2855.00000000,1079.05520000
2025-03-02,2855.00000000,2893.00000000,2850.00000000,2876.00000000,2433.06020000
2025-03-03,2876.00000000,2898.00000000,2861.00000000,2888.00000000,1967.85820000
2025-03-04,2888.00000000,2945.00000000,2877.00000000,2928.00000000,2810.53230000
2025-03-05,2929.00000000,2949.00000000,2912.00000000,2933.00000000,1648.69940000
2025-03-06,2933.00000000,2938.00000000,2905.00000000,2925.00000000,1827.54370000
2025-03-07,2926.00000000,2944.00000000,2911.00000000,2928.00000000,1825.88150000
2025-03-08,2928.00000000,2942.00000000,2926.00000000,2936.00000000,633.72950000
2025-03-09,2937.00000000,2945.00000000,2922.00000000,2933.00000000,1447.10380000
2025-03-10,2934.00000000,2936.00000000,2883.00000000,2895.00000000,2783.76030000
2025-03-11,2894.00000000,2928.00000000,2887.00000000,2924.00000000,1601.29900000
2025-03-12,2924.00000000,2949.00000000,2905.00000000,2946.00000000,3292.97880000
2025-03-13,2947.00000000,3006.00000000,2944.00000000,3003.00000000,2294.47790000
2025-03-14,3003.00000000,3030.00000000,2987.00000000,2996.00000000,2388.95600000
2025-03-15,2996.00000000,3002.00000000,2982.00000000,3002.00000000,1111.05170000
2025-03-16,3002.00000000,3002.00000000,2982.00000000,3001.00000000,544.45800000
2025-03-17,3002.00000000,3017.00000000,2990.00000000,3011.00000000,1741.45840000
2025-03-18,3011.00000000,3163.00000000,3005.00000000,3067.00000000,4556.67670000
2025-03-19,3067.00000000,3081.00000000,3044.00000000,3064.00000000,3062.09720000
2025-03-20,3065.00000000,3072.00000000,3047.00000000,3057.00000000,1422.29570000
2025-03-21,3059.00000000,3100.00000000,3031.00000000,3039.00000000,4140.43400000
2025-03-22,3039.00000000,3051.00000000,3039.00000000,3050.00000000,738.62490000
2025-03-23,3051.00000000,3062.00000000,3042.00000000,3054.00000000,1105.59000000
2025-03-24,3054.00000000,3058.00000000,3002.00000000,3019.00000000,2388.94690000
2025-03-25,3019.00000000,3046.00000000,3015.00000000,3028.00000000,1666.42060000
2025-03-26,3028.00000000,3037.00000000,3017.00000000,3023.00000000,1052.06280000
2025-03-27,3024.00000000,3068.00000000,3024.00000000,3059.00000000,2310.58940000
2025-03-28,3059.00000000,3098.00000000,3059.00000000,3093.00000000,3550.14500000
2025-03-29,3092.00000000,3121.00000000,3090.00000000,3119.00000000,2244.46350000
2025-03-30,3119.00000000,3145.00000000,3108.00000000,3109.00000000,2343.68820000
2025-03-31,3110.00000000,3166.00000000,3106.00000000,3149.00000000,5962.34860000
2025-04-01,3148.00000000,3181.00000000,3125.00000000,3132.00000000,4275.77630000
2025-04-02,3132.00000000,3193.00000000,3120.00000000,3192.00000000,4504.83270000
2025-04-03,3191.00000000,3195.00000000,3078.00000000,3127.00000000,8779.49170000
2025-04-04,3127.00000000,3158.00000000,3043.00000000,3055.00000000,5516.93370000
2025-04-05,3055.00000000,3072.00000000,3047.00000000,3068.00000000,1664.96650000
2025-04-06,3068.00000000,3072.00000000,2987.00000000,3004.00000000,3938.20160000
2025-04-07,3003.00000000,3069.00000000,2988.00000000,3005.00000000,9320.52400000
2025-04-08,3005.00000000,3039.00000000,2990.00000000,3001.00000000,3533.55760000
2025-04-09,3000.00000000,3116.00000000,2995.00000000,3099.00000000,7564.94200000
2025-04-10,3100.00000000,3220.00000000,3096.00000000,3216.00000000,5813.80960000
2025-04-11,3215.00000000,3271.00000000,3213.00000000,3265.00000000,10665.66140000
2025-04-12,3265.00000000,3300.00000000,3234.00000000,3242.00000000,4959.81080000
2025-04-13,3243.00000000,3272.00000000,3239.00000000,3247.00000000,3852.28040000
2025-04-14,3248.00000000,3272.00000000,3211.00000000,3238.00000000,4607.84940000
2025-04-15,3237.00000000,3268.00000000,3230.00000000,3266.00000000,3939.21210000
2025-04-16,3267.00000000,3381.00000000,3266.00000000,3378.00000000,7923.78950000
2025-04-17,3377.00000000,3385.00000000,3309.00000000,3347.00000000,6282.00720000
2025-04-18,3346.00000000,3364.00000000,3337.00000000,3353.00000000,3312.13940000
2025-04-19,3353.00000000,3357.00000000,3341.00000000,3348.00000000,1810.42900000
2025-04-20,3348.00000000,3375.00000000,3342.00000000,3370.00000000,2058.80130000
2025-04-21,3370.00000000,3471.00000000,3369.00000000,3462.00000000,8915.61740000
2025-04-22,3463.00000000,3523.00000000,3332.00000000,3349.00000000,17280.70890000
2025-04-23,3349.00000000,3404.00000000,3280.00000000,3335.00000000,10874.15690000
2025-04-24,3335.00000000,3384.00000000,3324.00000000,3365.00000000,6698.44480000
2025-04-25,3365.00000000,3375.00000000,3260.00000000,3313.00000000,7862.12140000
2025-04-26,3313.00000000,3322.00000000,3301.00000000,3312.00000000,2209.70960000
2025-04-27,3313.00000000,3332.00000000,3306.00000000,3308.00000000,1892.74380000
2025-04-28,3309.00000000,3355.00000000,3277.00000000,3339.00000000,5316.93040000
2025-04-29,3338.00000000,3339.00000000,3306.00000000,3317.00000000,4111.42700000
2025-04-30,3317.00000000,3331.00000000,3280.00000000,3282.00000000,3769.16210000
2025-05-01,3283.00000000,3288.00000000,3218.00000000,3250.00000000,5837.39040000
2025-05-02,3250.00000000,3282.00000000,3242.00000000,3253.00000000,4605.80790000
2025-05-03,3253.00000000,3268.00000000,3247.00000000,3258.00000000,1206.97650000
2025-05-04,3258.00000000,3267.00000000,3247.00000000,3263.00000000,1624.57300000
2025-05-05,3263.00000000,3366.00000000,3259.00000000,3348.00000000,4802.73160000
2025-05-06,3347.00000000,3456.00000000,3341.00000000,3409.00000000,7881.96580000
2025-05-07,3409.00000000,3410.00000000,3366.00000000,3383.00000000,6053.75830000
2025-05-08,3383.00000000,3418.00000000,3258.00000000,3322.00000000,9864.11110000
2025-05-09,3322.00000000,3352.00000000,3287.00000000,3335.00000000,4036.44620000
2025-05-10,3335.00000000,3345.00000000,3324.00000000,3327.00000000,2178.52690000
2025-05-11,3327.00000000,3332.00000000,3276.00000000,3294.00000000,3004.94510000
2025-05-12,3295.00000000,3296.00000000,3223.00000000,3245.00000000,7781.18070000
2025-05-13,3246.00000000,3274.00000000,3228.00000000,3261.00000000,3632.62610000
2025-05-14,3261.00000000,3262.00000000,3183.00000000,3196.00000000,5693.16180000
2025-05-15,3197.00000000,3261.00000000,3142.00000000,3246.00000000,6817.31960000
2025-05-16,3247.00000000,3253.00000000,3169.34000000,3221.00000000,5567.50840000
2025-05-17,3221.01000000,3229.99000000,3206.08000000,3225.66000000,2688.76100000
2025-05-18,3225.66000000,3257.00000000,3210.00000000,3245.99000000,3134.32090000
2025-05-19,3246.00000000,3270.14000000,3225.00000000,3235.96000000,4265.34880000
2025-05-20,3235.73000000,3313.86000000,3219.00000000,3303.02000000,6336.80030000
2025-05-21,3303.02000000,3333.59000000,3277.35000000,3322.47000000,4387.46680000
2025-05-22,3322.48000000,3349.78000000,3292.69000000,3308.78000000,4531.19840000
2025-05-23,3309.27000000,3371.00000000,3300.00000000,3360.80000000,5333.33940000
2025-05-24,3360.97000000,3379.97000000,3354.98000000,3361.57000000,1379.08370000
2025-05-25,3361.57000000,3380.00000000,3343.88000000,3347.64000000,2148.21440000
2025-05-26,3347.65000000,3371.50000000,3334.21000000,3357.58000000,2799.84720000
2025-05-27,3357.58000000,3361.21000000,3302.00000000,3321.28000000,3416.79000000
2025-05-28,3321.79000000,3337.88000000,3268.41000000,3276.02000000,3402.06900000
2025-05-29,3275.74000000,3339.78000000,3262.56000000,3326.45000000,2553.95100000
2025-05-30,3326.45000000,3333.37000000,3288.20000000,3302.25000000,3062.65800000
2025-05-31,3302.28000000,3309.76000000,3295.36000000,3296.52000000,1202.49160000
2025-06-01,3296.52000000,3325.14000000,3293.00000000,3319.57000000,1326.09380000
2025-06-02,3319.71000000,3403.90000000,3312.00000000,3396.98000000,4460.11230000
2025-06-03,3396.99000000,3397.57000000,3346.85000000,3369.43000000,3138.65690000
2025-06-04,3369.43000000,3394.95000000,3358.51000000,3391.20000000,2325.81050000
2025-06-05,3391.22000000,3418.53000000,3361.00000000,3381.55000000,4505.01420000
2025-06-06,3381.55000000,3418.00000000,3328.00000000,3333.88000000,3912.10210000
2025-06-07,3333.89000000,3338.47000000,3329.18000000,3332.40000000,872.43680000
2025-06-08,3332.40000000,3352.20000000,3330.23000000,3340.75000000,1768.87530000
2025-06-09,3340.76000000,3356.99000000,3316.87000000,3346.45000000,2925.33230000
2025-06-10,3346.45000000,3362.01000000,3320.82000000,3340.18000000,3309.83000000
2025-06-11,3340.33000000,3387.23000000,3337.60000000,3379.40000000,3613.12740000
2025-06-12,3379.40000000,3428.61000000,3357.52000000,3408.42000000,6026.28430000
2025-06-13,3408.42000000,3600.00000000,3405.42000000,3461.98000000,13747.33990000
2025-06-14,3461.98000000,3497.00000000,3452.02000000,3487.60000000,3716.91770000
2025-06-15,3487.60000000,3496.01000000,3465.00000000,3476.97000000,3789.87050000
2025-06-16,3476.94000000,3485.12000000,3401.00000000,3432.41000000,7561.73880000
2025-06-17,3432.40000000,3436.04000000,3392.20000000,3413.75000000,7684.85970000
2025-06-18,3413.76000000,3418.79000000,3384.36000000,3395.40000000,6129.63570000
2025-06-19,3395.40000000,3405.12000000,3370.00000000,3389.80000000,3398.45160000
2025-06-20,3389.80000000,3395.89000000,3362.75000000,3394.69000000,5718.80860000
2025-06-21,3394.69000000,3410.66000000,3385.13000000,3395.84000000,4099.90840000
2025-06-22,3395.83000000,3483.20000000,3395.33000000,3402.00000000,11300.81150000
2025-06-23,3401.99000000,3431.60000000,3367.39000000,3368.74000000,17808.08620000
2025-06-24,3368.74000000,3386.02000000,3322.00000000,3344.64000000,17322.98020000
2025-06-25,3344.60000000,3353.97000000,3323.87000000,3352.99000000,5606.90250000
2025-06-26,3352.99000000,3359.00000000,3327.70000000,3332.97000000,4827.45220000
2025-06-27,3333.00000000,3335.87000000,3274.97000000,3296.15000000,7379.53570000
2025-06-28,3296.20000000,3298.35000000,3286.84000000,3289.58000000,1301.81200000
2025-06-29,3289.58000000,3295.06000000,3265.62000000,3277.01000000,1712.22820000
2025-06-30,3277.00000000,3321.77000000,3273.34000000,3319.99000000,4561.24830000
2025-07-01,3319.99000000,3363.00000000,3319.00000000,3346.83000000,4599.00190000
2025-07-02,3346.83000000,3364.50000000,3335.00000000,3351.67000000,3765.79710000
2025-07-03,3351.66000000,3362.60000000,3320.00000000,3335.52000000,2988.07420000
2025-07-04,3335.51000000,3347.53000000,3330.84000000,3342.65000000,1707.70630000
2025-07-05,3342.65000000,3350.00000000,3341.27000000,3343.44000000,1068.32240000
2025-07-06,3343.46000000,3348.65000000,3318.31000000,3334.76000000,1203.88160000
2025-07-07,3334.77000000,3347.37000000,3306.20000000,3335.91000000,3302.13900000
2025-07-08,3335.90000000,3343.77000000,3297.80000000,3309.20000000,3076.20000000
2025-07-09,3309.74000000,3323.84000000,3292.58000000,3318.48000000,3855.19330000
2025-07-10,3318.48000000,3329.81000000,3312.21000000,3322.24000000,3612.24610000
2025-07-11,3322.25000000,3362.30000000,3320.11000000,3348.49000000,5004.39350000
2025-07-12,3348.49000000,3352.60000000,3340.93000000,3351.45000000,1407.49510000
2025-07-13,3351.51000000,3360.13000000,3343.37000000,3354.18000000,2028.28490000
2025-07-14,3354.17000000,3370.75000000,3343.37000000,3349.21000000,9514.63440000
2025-07-15,3349.22000000,3369.00000000,3329.90000000,3338.51000000,5971.35530000
2025-07-16,3338.52000000,3375.00000000,3328.00000000,3351.41000000,4456.42860000
2025-07-17,3351.60000000,3352.34000000,3321.41000000,3340.67000000,4725.78840000
2025-07-18,3340.68000000,3366.80000000,3332.47000000,3347.84000000,4254.50430000
2025-07-19,3347.84000000,3361.50000000,3345.63000000,3357.30000000,1365.21090000
2025-07-20,3357.31000000,3361.00000000,3351.15000000,3351.63000000,1513.71490000
2025-07-21,3351.63000000,3400.86000000,3351.62000000,3395.40000000,4645.65470000
2025-07-22,3395.40000000,3430.56000000,3385.20000000,3424.79000000,3366.05120000
2025-07-23,3424.79000000,3434.52000000,3386.11000000,3393.79000000,3347.30740000
2025-07-24,3393.79000000,3396.34000000,3359.33000000,3375.74000000,2995.33040000
2025-07-25,3375.62000000,3378.93000000,3336.03000000,3348.69000000,3550.94970000
2025-07-26,3348.69000000,3358.00000000,3346.35000000,3354.45000000,1227.60980000
2025-07-27,3354.45000000,3359.45000000,3340.00000000,3345.45000000,1807.41260000
2025-07-28,3345.46000000,3351.53000000,3312.00000000,3320.59000000,5784.64540000
2025-07-29,3320.34000000,3338.23000000,3318.39000000,3335.13000000,1872.93960000
2025-07-30,3335.29000000,3340.28000000,3283.00000000,3299.01000000,4102.35060000
2025-07-31,3299.01000000,3321.34000000,3294.11000000,3294.12000000,3744.95000000
2025-08-01,3294.12000000,3365.97000000,3289.05000000,3364.79000000,6300.56790000
2025-08-02,3364.80000000,3369.98000000,3355.58000000,3362.05000000,1892.76710000
2025-08-03,3362.05000000,3371.00000000,3343.00000000,3365.68000000,1783.89270000
2025-08-04,3365.69000000,3384.39000000,3348.80000000,3377.60000000,2910.22300000
2025-08-05,3377.60000000,3393.62000000,3353.80000000,3384.32000000,2453.58490000
2025-08-06,3384.32000000,3384.80000000,3362.51000000,3370.99000000,1966.70680000
2025-08-07,3371.15000000,3397.81000000,3368.80000000,3393.46000000,2887.34920000
2025-08-08,3393.46000000,3394.99000000,3375.19000000,3385.75000000,4200.62460000
2025-08-09,3385.76000000,3393.80000000,3375.00000000,3383.62000000,2863.14550000
2025-08-10,3383.62000000,3391.70000000,3382.00000000,3382.52000000,1354.83090000
2025-08-11,3382.53000000,3385.04000000,3338.72000000,3345.71000000,5483.94430000
2025-08-12,3345.71000000,3357.52000000,3332.00000000,3340.96000000,4686.37430000
2025-08-13,3340.96000000,3358.60000000,3335.55000000,3353.91000000,3856.47880000
2025-08-14,3353.91000000,3361.00000000,3324.39000000,3329.67000000,3216.69670000
2025-08-15,3329.67000000,3341.09000000,3327.01000000,3330.31000000,1672.83900000
2025-08-16,3330.30000000,3336.01000000,3327.00000000,3329.49000000,773.89400000
2025-08-17,3329.57000000,3334.05000000,3322.00000000,3323.69000000,823.22480000
2025-08-18,3323.70000000,3380.00000000,3323.70000000,3330.97000000,2898.30380000
2025-08-19,3330.96000000,3342.06000000,3307.58000000,3312.70000000,1771.59910000
2025-08-20,3312.71000000,3342.56000000,3301.77000000,3339.92000000,2992.53210000
2025-08-21,3339.92000000,3339.93000000,3318.25000000,3331.50000000,1132.00170000
2025-08-22,3331.50000000,3365.50000000,3318.28000000,3364.74000000,2432.52740000
2025-08-23,3364.74000000,3366.18000000,3345.51000000,3360.64000000,1045.25340000
2025-08-24,3360.65000000,3364.62000000,3354.12000000,3360.81000000,1076.12130000
2025-08-25,3360.81000000,3363.30000000,3336.00000000,3343.11000000,2281.35560000
2025-08-26,3343.04000000,3382.93000000,3339.64000000,3378.00000000,2232.36000000
2025-08-27,3378.00000000,3390.77000000,3365.00000000,3387.82000000,2100.35200000
2025-08-28,3387.82000000,3423.25000000,3378.00000000,3415.80000000,4101.68290000
2025-08-29,3415.81000000,3464.70000000,3407.80000000,3461.84000000,5474.70880000
2025-08-30,3461.83000000,3466.73000000,3452.66000000,3462.72000000,2012.42060000
2025-08-31,3462.72000000,3471.76000000,3456.00000000,3460.40000000,2386.02220000
2025-09-01,3460.41000000,3505.03000000,3451.13000000,3503.19000000,7552.11990000
2025-09-02,3502.92000000,3556.69000000,3486.35000000,3548.15000000,7844.78110000
2025-09-03,3548.15000000,3587.50000000,3542.40000000,3574.99000000,4717.48410000
2025-09-04,3574.99000000,3577.09000000,3527.55000000,3559.09000000,6519.04020000
2025-09-05,3559.10000000,3599.10000000,3550.00000000,3593.64000000,4275.86130000
2025-09-06,3593.65000000,3630.11000000,3590.51000000,3626.00000000,3124.85152300
2025-09-07,3626.00000000,3627.24000000,3598.06000000,3602.37000000,3896.95790000
2025-09-08,3602.37000000,3649.32000000,3588.12000000,3640.80000000,6437.11560000
2025-09-09,3640.80000000,3681.70000000,3632.55000000,3643.12000000,7563.58860000
2025-09-10,3643.12000000,3664.00000000,3630.00000000,3642.26000000,5747.56600000
2025-09-11,3642.26000000,3645.81000000,3614.09000000,3632.10000000,5546.59390000
2025-09-12,3632.10000000,3655.89000000,3630.53000000,3641.99000000,3892.37290000
2025-09-13,3641.99000000,3645.43000000,3625.47000000,3638.72000000,2584.54090000
2025-09-14,3638.68000000,3683.35000000,3637.44000000,3644.54000000,2361.96130000
2025-09-15,3644.54000000,3692.79000000,3635.07000000,3683.89000000,5552.59230000
2025-09-16,3683.88000000,3712.69000000,3683.88000000,3705.04000000,6230.61100000
2025-09-17,3705.05000000,3708.49000000,3657.59000000,3671.86000000,6568.51480000
2025-09-18,3671.86000000,3674.14000000,3638.08000000,3645.24000000,5501.43380000
2025-09-19,3645.24000000,3692.88000000,3641.01000000,3690.16000000,4495.55480000
2025-09-20,3690.16000000,3693.04000000,3683.34000000,3686.05000000,1460.95380000
2025-09-21,3686.05000000,3695.34000000,3681.00000000,3691.63000000,1235.33490000
2025-09-22,3691.59000000,3766.40000000,3690.00000000,3757.71000000,9140.59270000
2025-09-23,3757.74000000,3800.00000000,3748.89000000,3774.33000000,8413.95170000
2025-09-24,3774.34000000,3788.79000000,3720.78000000,3754.88000000,7458.26190000
2025-09-25,3754.88000000,3773.55000000,3730.00000000,3753.29000000,6673.57770000
2025-09-26,3753.29000000,3799.00000000,3742.04000000,3772.99000000,4977.73830000
2025-09-27,3773.00000000,3784.69000000,3768.56000000,3774.88000000,1498.09970000
2025-09-28,3774.88000000,3780.51000000,3766.16000000,3775.98000000,1816.00160000
2025-09-29,3775.99000000,3859.48000000,3773.21000000,3847.63000000,7813.02130000
2025-09-30,3847.63000000,3880.69000000,3806.92000000,3875.76000000,9282.34130000
2025-10-01,3875.75000000,3904.58000000,3863.63000000,3870.01000000,7272.12750000
2025-10-02,3870.49000000,3899.00000000,3823.79000000,3865.37000000,7065.06970000
2025-10-03,3865.38000000,3889.99000000,3842.52000000,3883.56000000,4739.60570000
2025-10-04,3883.57000000,3909.20000000,3883.21000000,3900.87000000,4620.85140000
2025-10-05,3900.88000000,3922.65000000,3886.84000000,3914.20000000,3964.29330000
2025-10-06,3914.21000000,3989.89000000,3906.36000000,3983.21000000,6343.59330000
2025-10-07,3983.22000000,4004.84000000,3953.39000000,4000.88000000,9737.84270000
2025-10-08,4000.87000000,4079.48000000,3996.75000000,4032.21000000,18411.74640000
2025-10-09,4032.22000000,4072.00000000,3961.94000000,4000.27000000,12411.93230000
2025-10-10,4000.28000000,4033.00000000,3600.00000000,3983.01000000,18957.99140000
2025-10-11,3983.00000000,4002.45000000,3950.00000000,3992.15000000,13768.62490000
2025-10-12,3992.14000000,4058.65000000,3980.00000000,4036.56000000,10221.89800000
2025-10-13,4036.57000000,4142.30000000,4026.55000000,4141.69000000,12804.72070000
2025-10-14,4141.69000000,4200.00000000,4103.38000000,4176.71000000,19040.13120000
2025-10-15,4176.70000000,4247.41000000,4170.81000000,4238.42000000,17960.73810000
2025-10-16,4238.42000000,4790.00000000,4225.28000000,4436.75000000,32114.35618200
2025-10-17,4436.74000000,4499.00000000,4188.00000000,4238.93000000,49889.99940000
2025-10-18,4238.93000000,4266.66000000,4226.00000000,4242.81000000,5828.95640000
2025-10-19,4242.81000000,4265.00000000,4228.00000000,4242.46000000,8722.56630000
2025-10-20,4242.34000000,4401.66000000,4214.16000000,4364.09000000,18164.18220000
2025-10-21,4363.81000000,4375.49000000,4094.72000000,4098.31000000,24592.28920000
2025-10-22,4098.82000000,4167.79000000,4020.00000000,4091.78000000,24472.28850000
2025-10-23,4092.05000000,4157.46000000,4057.14000000,4117.46000000,15481.69940000
2025-10-24,4117.92000000,4139.62000000,4045.25000000,4110.53000000,12594.59340000
2025-10-25,4110.54000000,4127.13000000,4099.93000000,4110.33000000,3397.07230000
2025-10-26,4110.32000000,4114.50000000,4056.26000000,4059.96000000,7708.76340000
2025-10-27,4059.95000000,4094.71000000,3951.00000000,3992.20000000,17415.92610000
2025-10-28,3992.19000000,4013.17000000,3900.00000000,3968.36000000,21354.52220000
2025-10-29,3968.42000000,4031.43000000,3921.71000000,3956.23000000,14614.75110000
2025-10-30,3955.76000000,4040.00000000,3923.15000000,4034.25000000,16344.62630000
2025-10-31,4034.26000000,4035.00000000,3971.81000000,4000.16000000,10103.71260000
2025-11-01,4000.16000000,4016.63000000,3995.51000000,4008.41000000,3077.66110000
2025-11-02,4008.42000000,4012.69000000,3976.88000000,3979.05000000,3114.74850000
2025-11-03,3979.05000000,4024.93000000,3962.20000000,3992.01000000,8142.42020000
2025-11-04,3992.02000000,4009.00000000,3918.00000000,3929.18000000,10990.33400000
2025-11-05,3929.45000000,3988.23000000,3920.00000000,3971.74000000,8333.88000000
2025-11-06,3971.75000000,4020.00000000,3958.68000000,3986.26000000,7022.33950000
2025-11-07,3986.26000000,4014.99000000,3977.01000000,3992.01000000,8980.38640000
2025-11-08,3992.02000000,4000.00000000,3983.66000000,3989.36000000,1718.30280000
2025-11-09,3989.36000000,4004.69000000,3986.47000000,4004.69000000,2800.95120000
2025-11-10,4004.79000000,4117.00000000,4004.65000000,4114.67000000,8722.31480000
2025-11-11,4114.68000000,4139.34000000,4085.13000000,4127.99000000,8821.94570000
2025-11-12,4128.04000000,4201.78000000,4088.21000000,4178.16000000,9717.70900000
2025-11-13,4178.16000000,4237.72000000,4129.78000000,4175.95000000,14494.05550000
2025-11-14,4175.95000000,4202.00000000,4022.35000000,4074.73000000,15327.92960000
2025-11-15,4074.72000000,4102.02000000,4069.41000000,4093.95000000,4709.57530000
2025-11-16,4093.96000000,4116.75000000,4075.00000000,4090.82000000,6142.98100000
2025-11-17,4091.30000000,4094.96000000,4000.00000000,4028.61000000,12316.19190000
2025-11-18,4028.61000000,4074.72000000,3996.15000000,4069.00000000,10299.78370000
2025-11-19,4069.00000000,4130.40000000,4049.14000000,4096.93000000,13564.62820000
2025-11-20,4097.12000000,4105.87000000,4035.73000000,4074.87000000,13959.70920000
2025-11-21,4074.87000000,4101.46000000,4015.42000000,4065.92000000,25229.45870000
2025-11-22,4065.92000000,4065.92000000,4054.27000000,4058.06000000,4124.02890000
2025-11-23,4058.41000000,4067.99000000,4040.66000000,4065.69000000,4943.08230000
2025-11-24,4065.70000000,4143.95000000,4034.86000000,4143.60000000,13724.45830000
2025-11-25,4143.83000000,4156.22000000,4106.48000000,4128.55000000,10192.27210000
2025-11-26,4128.56000000,4172.33000000,4126.44000000,4165.21000000,9510.25570000
2025-11-27,4165.21000000,4166.01000000,4141.17000000,4160.64000000,5251.57040000
2025-11-28,4160.99000000,4232.83000000,4159.02000000,4232.82000000,10079.40600000
2025-11-29,4232.83000000,4254.98000000,4224.60000000,4248.13000000,5335.53780000
2025-11-30,4248.13000000,4254.98000000,4228.88000000,4238.44000000,4931.63830000
2025-12-01,4238.09000000,4283.00000000,4221.50000000,4243.87000000,22133.96880000
2025-12-02,4243.88000000,4245.46000000,4169.29000000,4212.80000000,15586.01410000
2025-12-03,4212.79000000,4247.83000000,4199.42000000,4214.88000000,7950.56110000
2025-12-04,4214.87000000,4222.51000000,4183.00000000,4213.55000000,4367.76770000
2025-12-05,4213.81000000,4260.48000000,4201.64000000,4209.92000000,6617.76970000
2025-12-06,4209.93000000,4216.24000000,4205.65000000,4213.55000000,2016.52990000
2025-12-07,4213.56000000,4214.86000000,4202.45000000,4213.34000000,2383.02070000
2025-12-08,4213.34000000,4226.68000000,4188.74000000,4204.10000000,3960.61790000
2025-12-09,4204.09000000,4227.77000000,4182.52000000,4215.63000000,3445.93910000
2025-12-10,4215.63000000,4239.65000000,4191.00000000,4239.31000000,5149.90920000
2025-12-11,4239.30000000,4293.00000000,4213.02000000,4285.37000000,6630.41740000
2025-12-12,4285.38000000,4363.55000000,4274.63000000,4308.81000000,11056.59180000
2025-12-13,4308.80000000,4324.75000000,4307.55000000,4316.79000000,1829.82080000
2025-12-14,4316.80000000,4325.80000000,4311.03000000,4316.55000000,2408.43330000
2025-12-15,4316.32000000,4363.50000000,4300.00000000,4315.50000000,10405.96730000
2025-12-16,4315.54000000,4348.05000000,4287.05000000,4322.11000000,6972.20110000
2025-12-17,4322.11000000,4362.55000000,4321.40000000,4358.26000000,8223.19890000
2025-12-18,4358.26000000,4384.99000000,4322.45000000,4348.19000000,7728.07510000
2025-12-19,4348.25000000,4367.99000000,4325.56000000,4351.32000000,3814.09870000
2025-12-20,4351.32000000,4359.06000000,4350.65000000,4352.06000000,848.97120000
2025-12-21,4352.07000000,4368.59000000,4350.72000000,4367.25000000,1682.58360000
2025-12-22,4367.35000000,4484.99000000,4367.35000000,4484.98000000,14371.97240000
2025-12-23,4484.98000000,4539.06000000,4451.01000000,4531.01000000,13225.76100000
2025-12-24,4531.01000000,4544.86000000,4466.00000000,4496.84000000,9560.94820000
2025-12-25,4496.84000000,4520.19000000,4490.49000000,4516.05000000,3058.16310000
2025-12-26,4516.09000000,4572.40000000,4508.66000000,4557.34000000,12276.48700000
2025-12-27,4557.33000000,4575.66000000,4540.78000000,4571.49000000,4205.08680000
2025-12-28,4571.74000000,4577.99000000,4548.25000000,4549.54000000,5217.92420000
2025-12-29,4549.75000000,4549.99000000,4330.00000000,4364.34000000,19798.84130000
2025-12-30,4364.34000000,4422.79000000,4346.82000000,4360.54000000,12983.63460000
2025-12-31,4360.55000000,4386.25000000,4295.94000000,4336.99000000,12638.46100000
2026-01-01,4337.00000000,4364.00000000,4335.13000000,4362.83000000,2657.24810000
2026-01-02,4362.84000000,4414.83000000,4326.34000000,4340.85000000,11653.32200000
2026-01-03,4340.85000000,4374.96000000,4338.00000000,4355.79000000,5240.57020000
2026-01-04,4355.80000000,4387.08000000,4346.89000000,4384.45000000,5617.11180000
2026-01-05,4384.25000000,4467.16000000,4382.60000000,4445.45000000,13032.44230000
2026-01-06,4445.45000000,4517.00000000,4431.40000000,4509.80000000,12604.82450000
2026-01-07,4509.79000000,4510.20000000,4439.15000000,4477.97000000,10524.90950000
2026-01-08,4477.97000000,4490.00000000,4422.05000000,4482.19000000,8827.22760000
2026-01-09,4482.20000000,4519.13000000,4464.81000000,4508.45000000,6492.97530000
2026-01-10,4508.46000000,4523.43000000,4506.05000000,4523.42000000,2391.41100000
2026-01-11,4523.43000000,4549.35000000,4501.90000000,4544.29000000,3504.66770000
2026-01-12,4544.35000000,4638.88000000,4541.04000000,4615.31000000,10784.46030000
2026-01-13,4615.30000000,4646.99000000,4568.20000000,4604.97000000,8529.70740000
2026-01-14,4604.97000000,4649.16000000,4603.96000000,4628.41000000,9359.77040000
2026-01-15,4628.41000000,4634.00000000,4540.00000000,4623.99000000,8892.00930000
2026-01-16,4623.98000000,4629.64000000,4558.13000000,4603.15000000,6473.49820000
2026-01-17,4603.16000000,4613.02000000,4602.93000000,4611.39000000,2108.49020000
2026-01-18,4611.40000000,4700.00000000,4611.39000000,4685.60000000,5074.27610000
2026-01-19,4685.55000000,4696.10000000,4666.00000000,4683.97000000,8552.80910000
2026-01-20,4683.97000000,4840.39000000,4676.16000000,4806.70000000,21747.91570000
2026-01-21,4806.79000000,4915.00000000,4785.42000000,4800.05000000,30143.60610000
2026-01-22,4800.05000000,4982.11000000,4790.91000000,4979.98000000,15991.62860000
2026-01-23,4980.00000000,5009.96000000,4918.79000000,5007.31000000,21805.52210000
2026-01-24,5007.31000000,5125.43000000,5005.23000000,5069.89000000,11466.42200000
2026-01-25,5069.89000000,5127.00000000,5031.00000000,5070.35000000,18277.12370000
2026-01-26,5070.35000000,5150.00000000,4991.10000000,5058.04000000,25520.30240000
2026-01-27,5058.04000000,5235.00000000,5028.88000000,5192.99000000,21456.32420000
2026-01-28,5193.00000000,5615.97000000,5180.00000000,5541.45000000,37206.44750000
2026-01-29,5541.46000000,5650.86000000,5181.23000000,5479.54000000,86131.74020000
2026-01-30,5479.54000000,5490.34000000,4754.06000000,4924.45000000,110873.43410000
2026-01-31,4924.45000000,4991.03000000,4800.00000000,4839.88000000,26185.04280000
2026-02-01,4839.88000000,4902.00000000,4715.00000000,4754.40000000,17751.14690000
2026-02-02,4754.64000000,4895.00000000,4463.73000000,4794.36000000,83580.68900000
2026-02-03,4794.37000000,5018.00000000,4770.84000000,4962.85000000,52565.44230000
2026-02-04,4962.86000000,5118.00000000,4871.44000000,5030.90000000,45042.51180000
2026-02-05,5030.99000000,5044.04000000,4697.54000000,4699.98000000,51149.90000000
2026-02-06,4699.97000000,4970.00000000,4600.84000000,4942.27000000,32300.22630000
2026-02-07,4942.28000000,4997.74000000,4924.26000000,4992.63000000,6356.06910000
2026-02-08,4992.63000000,5049.57000000,4983.61000000,5043.44000000,9040.66280000
2026-02-09,5043.41000000,5096.62000000,4973.92000000,5036.85000000,20433.22650000
2026-02-10,5036.99000000,5084.85000000,5007.88000000,5044.30000000,16737.56490000
2026-02-11,5044.30000000,5133.18000000,5032.00000000,5073.02000000,15299.50490000
2026-02-12,5073.10000000,5100.40000000,4894.13000000,4928.02000000,17321.93730000
2026-02-13,4928.02000000,5053.08000000,4921.42000000,5045.26000000,10632.00340000
2026-02-14,5045.12000000,5046.94000000,5021.20000000,5023.84000000,2541.64480000
2026-02-15,5023.84000000,5050.32000000,5011.19000000,5024.90000000,4352.16250000
2026-02-16,5024.86000000,5033.02000000,4972.82000000,4998.59000000,4453.87400000
2026-02-17,4998.60000000,4999.57000000,4793.81000000,4866.71000000,17256.06770000
2026-02-18,4866.71000000,5014.27000000,4866.23000000,4979.96000000,7010.71820000
2026-02-19,4979.96000000,5030.05000000,4966.07000000,4997.71000000,6853.37950000
2026-02-20,4997.70000000,5121.75000000,4995.41000000,5116.08000000,25397.83720000
2026-02-21,5116.08000000,5155.77000000,5112.83000000,5141.88000000,4462.12830000
2026-02-22,5141.88000000,5192.92000000,5123.54000000,5186.69000000,7797.18000000
2026-02-23,5186.49000000,5269.55000000,5138.44000000,5254.81000000,14523.07820000
2026-02-24,5254.80000000,5254.80000000,5116.60000000,5164.90000000,30747.27540000
2026-02-25,5164.91000000,5228.00000000,5156.01000000,5175.31000000,13603.87020000
2026-02-26,5175.74000000,5210.25000000,5143.00000000,5195.26000000,7480.68530000
2026-02-27,5195.26000000,5306.18000000,5181.39000000,5290.66000000,16139.75310000
2026-02-28,5290.66000000,5600.00000000,5284.61000000,5369.78000000,52092.83900000
2026-03-01,5369.79000000,5448.09000000,5286.25000000,5436.45000000,24070.62980000
2026-03-02,5436.60000000,5459.65000000,5275.22000000,5360.01000000,28541.04080000
2026-03-03,5360.44000000,5400.00000000,5027.33000000,5142.55000000,47657.23680000
2026-03-04,5143.32000000,5216.70000000,5116.05000000,5179.00000000,24316.87220000
2026-03-05,5179.00000000,5202.00000000,5064.00000000,5098.75000000,15329.15890000
2026-03-06,5098.74000000,5189.69000000,5075.41000000,5182.45000000,10983.37490000
2026-03-07,5182.44000000,5188.85000000,5162.00000000,5172.35000000,6499.09100000
2026-03-08,5172.34000000,5191.28000000,5056.10000000,5085.29000000,9348.71090000
2026-03-09,5085.01000000,5158.91000000,5030.00000000,5143.80000000,15783.02470000
2026-03-10,5143.80000000,5239.80000000,5129.57000000,5197.87000000,18268.62030000
2026-03-11,5197.87000000,5221.34000000,5136.37000000,5136.84000000,9990.95200000
2026-03-12,5137.28000000,5188.72000000,5069.11000000,5109.98000000,11394.19590000
2026-03-13,5109.97000000,5131.43000000,5005.54000000,5028.83000000,15926.02190000
2026-03-14,5028.83000000,5047.18000000,5018.51000000,5020.60000000,2402.96610000
2026-03-15,5020.60000000,5027.62000000,4960.42000000,4989.59000000,5811.17230000
2026-03-16,4989.59000000,5030.82000000,4962.82000000,5001.04000000,10839.08580000
2026-03-17,5001.04000000,5029.87000000,4972.00000000,4992.90000000,5036.75580000
2026-03-18,4992.90000000,5006.75000000,4800.00000000,4829.04000000,24607.29630000
2026-03-19,4829.03000000,4855.42000000,4511.00000000,4652.38000000,32560.85000000
2026-03-20,4652.39000000,4739.74000000,4497.35000000,4509.76000000,22787.74390000
2026-03-21,4509.76000000,4531.76000000,4501.17000000,4503.29000000,3854.56400000
2026-03-22,4503.30000000,4541.88000000,4450.48000000,4474.61000000,8934.21360000
2026-03-23,4474.96000000,4511.36000000,4141.06000000,4447.45000000,90541.41330000
2026-03-24,4447.50000000,4554.99000000,4319.46000000,4549.65000000,25365.96220000
2026-03-25,4549.70000000,4601.84000000,4494.35000000,4502.38000000,19457.59900000
2026-03-26,4502.38000000,4545.11000000,4361.07000000,4411.60000000,16368.47840000
2026-03-27,4411.61000000,4554.54000000,4382.74000000,4501.27000000,10919.88470000
2026-03-28,4501.27000000,4513.58000000,4487.11000000,4501.78000000,3163.40910000
2026-03-29,4501.78000000,4524.72000000,4450.74000000,4454.73000000,5358.81040000
2026-03-30,4454.94000000,4581.02000000,4425.78000000,4512.80000000,11068.01300000
2026-03-31,4512.79000000,4691.19000000,4480.02000000,4687.74000000,12074.92200000
2026-04-01,4687.56000000,4783.67000000,4659.17000000,4768.56000000,13032.08920000
2026-04-02,4768.56000000,4783.19000000,4550.62000000,4668.14000000,13690.32060000
2026-04-03,4668.15000000,4670.08000000,4642.00000000,4648.94000000,2859.66850000
2026-04-04,4648.91000000,4658.74000000,4646.95000000,4648.59000000,1092.18820000
2026-04-05,4648.60000000,4653.18000000,4595.00000000,4598.82000000,7983.02720000
2026-04-06,4599.39000000,4692.80000000,4588.55000000,4644.39000000,7157.63640000
2026-04-07,4643.80000000,4812.14000000,4596.24000000,4809.74000000,11198.79650000
2026-04-08,4809.75000000,4834.28000000,4683.80000000,4702.52000000,11148.90630000
2026-04-09,4702.53000000,4788.88000000,4684.00000000,4747.51000000,6921.97600000
2026-04-10,4748.04000000,4777.44000000,4716.24000000,4734.00000000,4062.45960000
2026-04-11,4734.00000000,4740.00000000,4726.55000000,4731.88000000,1846.25840000
2026-04-12,4731.88000000,4735.29000000,4629.36000000,4655.92000000,5233.94850000
2026-04-13,4656.00000000,4750.84000000,4649.80000000,4741.09000000,10359.10220000
2026-04-14,4741.09000000,4840.00000000,4735.67000000,4827.05000000,12782.85020000
2026-04-15,4827.31000000,4861.14000000,4779.44000000,4810.84000000,5836.84600000
2026-04-16,4810.85000000,4825.00000000,4747.20000000,4775.61000000,7166.80480000
2026-04-17,4775.40000000,4872.86000000,4753.34000000,4820.59000000,8722.86410000
2026-04-18,4820.58000000,4831.90000000,4774.79000000,4775.26000000,2726.96970000
2026-04-19,4775.26000000,4797.84000000,4726.74000000,4740.00000000,3774.96290000
2026-04-20,4739.99000000,4815.52000000,4730.26000000,4806.48000000,7722.49330000
2026-04-21,4806.48000000,4814.44000000,4656.71000000,4728.00000000,6085.47050000
2026-04-22,4728.60000000,4758.99000000,4710.00000000,4713.80000000,4823.64370000
2026-04-23,4713.80000000,4737.59000000,4657.87000000,4684.89000000,3740.43610000
2026-04-24,4685.10000000,4726.00000000,4651.50000000,4696.12000000,2993.18170000
2026-04-25,4696.13000000,4702.80000000,4689.01000000,4689.63000000,655.88040000
2026-04-26,4689.62000000,4710.00000000,4668.01000000,4673.25000000,1540.63610000
2026-04-27,4673.24000000,4717.53000000,4658.44000000,4683.83000000,2455.33850000
2026-04-28,4683.64000000,4690.49000000,4552.08000000,4589.54000000,6254.24290000
2026-04-29,4589.53000000,4604.08000000,4508.14000000,4555.97000000,4741.49020000
2026-04-30,4556.01000000,4641.49000000,4535.91000000,4618.20000000,2810.18390000
2026-05-01,4618.00000000,4652.13000000,4557.01000000,4603.82000000,3069.96030000
2026-05-02,4603.83000000,4605.00000000,4595.91000000,4597.94000000,677.92240000
2026-05-03,4597.94000000,4638.74000000,4595.79000000,4605.79000000,1639.14530000
2026-05-04,4605.79000000,4611.42000000,4500.55000000,4516.67000000,5926.38720000
2026-05-05,4516.68000000,4585.92000000,4511.65000000,4584.31000000,3558.50580000
2026-05-06,4584.31000000,4712.39000000,4578.29000000,4687.19000000,7122.22760000
2026-05-07,4687.20000000,4756.00000000,4674.36000000,4696.64000000,12342.94450000
2026-05-08,4697.00000000,4741.20000000,4687.75000000,4706.72000000,4534.30650000
2026-05-09,4706.72000000,4716.38000000,4702.96000000,4712.54000000,773.76560000
2026-05-10,4712.54000000,4724.50000000,4676.00000000,4686.76000000,2392.39640000
2026-05-11,4687.19000000,4758.66000000,4645.29000000,4757.62000000,6681.22600000
2026-05-12,4757.58000000,4762.50000000,4638.01000000,4712.40000000,6464.67390000
2026-05-13,4712.18000000,4721.83000000,4666.08000000,4689.00000000,4093.89230000
2026-05-14,4689.19000000,4710.00000000,4643.01000000,4650.74000000,2986.62610000
2026-05-15,4650.41000000,4654.80000000,4518.22000000,4543.10000000,7308.98840000
2026-05-16,4543.11000000,4547.03000000,4514.99000000,4537.00000000,3219.57320000
2026-05-17,4537.01000000,4554.99000000,4526.00000000,4535.60000000,1651.86370000
2026-05-18,4535.60000000,4584.00000000,4480.02000000,4577.41000000,5671.80590000
2026-05-19,4577.42000000,4584.41000000,4470.00000000,4491.76000000,3641.85010000
2026-05-20,4491.75000000,4550.00000000,4460.00000000,4541.50000000,3950.37330000
2026-05-21,4541.75000000,4564.00000000,4489.01000000,4529.71000000,2564.22280000
2026-05-22,4529.72000000,4534.14000000,4488.00000000,4499.27000000,2397.91690000
2026-05-23,4499.28000000,4529.03000000,4497.67000000,4528.07000000,1476.49220000
2026-05-24,4528.07000000,4573.63000000,4517.00000000,4561.78000000,3810.75130000
2026-05-25,4561.79000000,4573.74000000,4543.78000000,4551.68000000,1868.64790000
2026-05-26,4551.40000000,4551.40000000,4484.71000000,4520.62000000,3986.19110000
2026-05-27,4520.36000000,4526.08000000,4410.50000000,4448.64000000,6555.43910000
2026-05-28,4448.63000000,4507.00000000,4374.00000000,4487.89000000,7593.59140000
2026-05-29,4487.60000000,4584.62000000,4485.58000000,4534.99000000,4504.03190000
2026-05-30,4535.00000000,4538.72000000,4522.53000000,4523.42000000,810.33170000
2026-05-31,4523.43000000,4539.48000000,4514.72000000,4535.00000000,1029.14480000
2026-06-01,4534.99000000,4540.56000000,4448.33000000,4482.21000000,4389.12850000
2026-06-02,4481.76000000,4534.99000000,4456.53000000,4470.86000000,4136.31850000
2026-06-03,4471.04000000,4491.20000000,4422.00000000,4452.41000000,3669.88560000
2026-06-04,4452.45000000,4514.01000000,4438.65000000,4456.21000000,4839.97340000
2026-06-05,4456.21000000,4468.74000000,4310.59000000,4321.34000000,7528.30470000
2026-06-06,4321.60000000,4333.19000000,4290.01000000,4299.99000000,2236.79040000
2026-06-07,4300.00000000,4338.53000000,4294.25000000,4336.87000000,3530.50720000
2026-06-08,4336.86000000,4345.78000000,4264.10000000,4310.54000000,3566.02510000
2026-06-09,4310.73000000,4354.58000000,4208.30000000,4218.22000000,3806.89650000
2026-06-10,4218.28000000,4223.88000000,4026.48000000,4052.10000000,7807.26110000
2026-06-11,4051.85000000,4242.05000000,4041.71000000,4215.12000000,5866.02190000
2026-06-12,4215.38000000,4230.47000000,4166.44000000,4212.35000000,3424.47920000
2026-06-13,4212.35000000,4229.21000000,4203.05000000,4222.73000000,838.18680000
2026-06-14,4222.73000000,4304.85000000,4217.56000000,4289.62000000,3131.35090000
2026-06-15,4289.18000000,4361.22000000,4282.40000000,4308.66000000,3233.93150000
2026-06-16,4307.70000000,4347.20000000,4299.07000000,4323.01000000,2852.07070000
2026-06-17,4323.02000000,4373.95000000,4216.86000000,4273.45000000,4989.64520000
2026-06-18,4273.46000000,4323.72000000,4183.37000000,4184.64000000,3205.36580000
2026-06-19,4184.72000000,4193.71000000,4120.04000000,4154.95000000,2605.53570000
2026-06-20,4154.94000000,4162.60000000,4148.59000000,4154.20000000,675.35750000
2026-06-21,4154.20000000,4166.77000000,4134.45000000,4137.03000000,872.61750000
2026-06-22,4137.03000000,4216.86000000,4137.03000000,4183.46000000,2461.04920000
2026-06-23,4183.22000000,4193.14000000,4079.01000000,4096.15000000,4296.07450000
2026-06-24,4097.39000000,4108.42000000,3959.00000000,4014.13000000,8080.64700000
2026-06-25,4014.07000000,4042.75000000,3965.10000000,4014.32000000,4294.67640000
2026-06-26,4013.64000000,4091.28000000,3982.76000000,4082.38000000,3742.64780000
2026-06-27,4082.38000000,4083.98000000,4071.21000000,4075.86000000,635.72440000
2026-06-28,4075.87000000,4081.64000000,4048.60000000,4059.57000000,1364.51130000
2026-06-29,4059.47000000,4072.00000000,3998.45000000,4013.73000000,1929.32850000
2026-06-30,4013.71000000,4060.41000000,3944.57000000,4004.47000000,8011.01500000
2026-07-01,4004.47000000,4110.89000000,3956.89000000,4032.89000000,5063.05410000
2026-07-02,4032.85000000,4138.90000000,4029.92000000,4124.31000000,3736.43950000
2026-07-03,4124.30000000,4188.74000000,4121.22000000,4168.71000000,2578.12970000
2026-07-04,4168.72000000,4171.88000000,4158.91000000,4168.00000000,555.28880000
2026-07-05,4168.01000000,4196.06000000,4163.51000000,4179.65000000,985.88340000
2026-07-06,4178.41000000,4197.02000000,4125.04000000,4152.03000000,2438.55840000
2026-07-07,4152.02000000,4174.81000000,4089.00000000,4094.25000000,3565.38780000
2026-07-08,4095.03000000,4129.03000000,4021.15000000,4073.01000000,2949.73280000
2026-07-09,4073.01000000,4131.28000000,4051.62000000,4117.45000000,1940.30120000
2026-07-10,4117.81000000,4128.12000000,4070.10000000,4113.34000000,2185.78120000
2026-07-11,4113.34000000,4116.02000000,4100.40000000,4102.09000000,439.06380000
2026-07-12,4102.10000000,4103.10000000,4066.05000000,4080.47000000,825.97370000
2026-07-13,4080.48000000,4086.66000000,3988.38000000,3998.89000000,2700.84530000
2026-07-14,3999.12000000,4097.58000000,3983.25000000,4048.07000000,3882.83200000
2026-07-15,4048.26000000,4074.78000000,4015.23000000,4051.77000000,2050.18870000
2026-07-16,4051.57000000,4054.03000000,3970.73000000,3986.13000000,3420.37610000
2026-07-17,3986.13000000,4017.83000000,3960.53000000,4006.10000000,2071.92030000
2026-07-18,4006.10000000,4015.00000000,4005.15000000,4012.29000000,439.88210000
2026-07-19,4012.29000000,4013.02000000,3987.89000000,3993.01000000,689.61090000
2026-07-20,3993.02000000,4036.10000000,3982.03000000,4007.50000000,2038.55430000
2026-07-21,4007.49000000,4080.00000000,4001.76000000,4074.01000000,3589.78070000
2026-07-22,4074.13000000,4157.63000000,4071.38000000,4127.00000000,4119.00030000
2026-07-23,4127.13000000,4134.03000000,4038.40000000,4045.13000000,2438.77980000
2026-07-24,4045.60000000,4078.80000000,4020.76000000,4054.43000000,2406.50500000
2026-07-25,4054.43000000,4056.73000000,4049.92000000,4055.48000000,260.93540000
2026-07-26,4055.48000000,4091.48000000,4054.23000000,4087.85000000,1284.10990000
2026-07-27,4087.85000000,4109.58000000,4060.69000000,4066.84000000,3773.12270000
2026-07-28,4067.06000000,4067.55000000,4009.18000000,4021.98000000,2578.54260000
2026-07-29,4021.99000000,4107.94000000,3996.65000000,4081.59000000,3369.26310000
2026-07-30,4081.60000000,4113.00000000,4030.48000000,4100.72000000,3119.37210000
2026-07-31,4100.82000000,4101.64000000,4023.13000000,4048.09000000,2781.62790000
2026-08-01,4048.09000000,4050.08000000,4037.41000000,4048.40000000,368.79560000
2026-08-02,4048.50000000,4082.88000000,4048.30000000,4072.23000000,1375.19280000
2026-08-03,4072.23000000,4075.99000000,4021.00000000,4052.20000000,2011.50340000
2026-08-04,4052.27000000,4099.22000000,4043.10000000,4068.67000000,2810.81200000
2026-08-05,4068.13000000,4274.99000000,4066.30000000,4272.06000000,7989.79590000
2026-08-06,4272.05000000,4296.98000000,4220.36000000,4248.73000000,3620.66740000
2026-08-07,4248.72000000,4362.93000000,4226.29000000,4344.47000000,4687.08050000
2026-08-08,4344.46000000,4348.37000000,4333.27000000,4347.04000000,1136.57660000
2026-08-09,4347.05000000,4362.00000000,4329.42000000,4330.07000000,1364.13820000
2026-08-10,4329.42000000,4397.13000000,4307.93000000,4397.13000000,3683.18070000
2026-08-11,4397.13000000,4429.42000000,4357.14000000,4369.65000000,4061.18360000
2026-08-12,4368.35000000,4438.32000000,4365.32000000,4409.58000000,3600.51930000
2026-08-13,4409.56000000,4442.95000000,4345.14000000,4356.83000000,3049.94010000
2026-08-14,4356.34000000,4394.11000000,4316.28000000,4380.40000000,2867.78300000
2026-08-15,4380.40000000,4382.39000000,4372.01000000,4378.94000000,420.17690000
2026-08-16,4378.95000000,4383.64000000,4366.17000000,4368.81000000,651.05570000
2026-08-17,4368.83000000,4423.08000000,4365.54000000,4419.51000000,3129.25360000
2026-08-18,4419.53000000,4430.88000000,4330.85000000,4336.39000000,2638.05050000
2026-08-19,4336.38000000,4517.76000000,4326.38000000,4497.12000000,7705.83480000
2026-08-20,4497.12000000,4528.97000000,4443.01000000,4514.10000000,5350.06700000
2026-08-21,4514.11000000,4619.00000000,4498.00000000,4600.00000000,6247.84920000
2026-08-22,4599.85000000,4599.99000000,4573.00000000,4589.16000000,2106.86550000
2026-08-23,4589.17000000,4615.71000000,4585.97000000,4615.45000000,2762.47500000
2026-08-24,4615.46000000,4675.00000000,4589.06000000,4673.67000000,4082.56720000
2026-08-25,4674.58000000,4689.00000000,4597.31000000,4647.16000000,3680.81080000
2026-08-26,4647.40000000,4661.39000000,4580.01000000,4616.51000000,2517.56080000
2026-08-27,4617.09000000,4635.00000000,4560.16000000,4586.62000000,2525.37060000
2026-08-28,4586.61000000,4623.92000000,4447.48000000,4461.92000000,6198.59970000
2026-08-29,4461.79000000,4467.10000000,4454.57000000,4464.85000000,958.41270000
2026-08-30,4464.86000000,4478.09000000,4431.76000000,4454.25000000,2090.51490000
2026-08-31,4453.69000000,4468.20000000,4397.06000000,4451.13000000,3356.96780000
2026-09-01,4451.13000000,4460.77000000,4335.23000000,4337.89000000,4540.84200000
2026-09-02,4337.48000000,4405.35000000,4286.97000000,4394.57000000,7645.31760000
2026-09-03,4394.56000000,4512.33000000,4391.91000000,4482.51000000,4218.65620000
2026-09-04,4481.95000000,4489.97000000,4375.00000000,4431.81000000,5744.52820000
2026-09-05,4431.80000000,4436.35000000,4427.92000000,4432.00000000,687.15630000
2026-09-06,4432.00000000,4434.69000000,4414.52000000,4421.10000000,1313.97860000
2026-09-07,4421.10000000,4427.77000000,4383.85000000,4423.43000000,1764.45470000
2026-09-08,4424.45000000,4442.99000000,4350.00000000,4354.48000000,3434.92030000
2026-09-09,4354.49000000,4433.72000000,4347.11000000,4395.04000000,3176.78700000
2026-09-10,4394.00000000,4433.00000000,4318.04000000,4320.03000000,4679.56180000
2026-09-11,4320.24000000,4405.02000000,4302.00000000,4356.10000000,4564.28940000
2026-09-12,4356.11000000,4357.67000000,4353.10000000,4355.40000000,327.67900000
2026-09-13,4355.39000000,4360.45000000,4330.00000000,4337.18000000,1191.00910000
2026-09-14,4336.30000000,4359.25000000,4265.44000000,4294.99000000,3190.14910000
2026-09-15,4294.93000000,4319.50000000,4266.67000000,4286.30000000,4119.85090000
2026-09-16,4287.08000000,4373.52000000,4230.00000000,4277.01000000,7529.61160000
2026-09-17,4277.02000000,4379.23000000,4271.15000000,4345.87000000,5037.89040000
2026-09-18,4345.38000000,4398.47000000,4334.35000000,4370.33000000,5244.85970000
2026-09-19,4370.32000000,4372.17000000,4364.11000000,4366.29000000,1033.89220000
2026-09-20,4366.29000000,4373.92000000,4360.00000000,4364.26000000,1334.67910000
2026-09-21,4364.25000000,4375.00000000,4323.26000000,4365.53000000,4846.39000000
2026-09-22,4365.25000000,4371.07000000,4295.22000000,4360.86000000,5735.05800000
2026-09-23,4360.73000000,4365.37000000,4270.00000000,4288.04000000,5783.08860000
2026-09-24,4287.61000000,4301.71000000,4243.22000000,4260.00000000,4918.69450000
2026-09-25,4260.00000000,4308.84000000,4252.16000000,4282.22000000,3120.66360000
2026-09-26,4282.22000000,4285.28000000,4276.55000000,4281.01000000,905.37560000
2026-09-27,4281.01000000,4281.01000000,4256.07000000,4258.53000000,1076.69060000
2026-09-28,4258.53000000,4258.53000000,4122.08000000,4139.20000000,6705.35330000
2026-09-29,4139.62000000,4193.72000000,4125.01000000,4191.94000000,4369.89120000
2026-09-30,4192.38000000,4223.77000000,4157.53000000,4165.65000000,3855.57830000
2026-10-01,4165.09000000,4198.93000000,4150.00000000,4191.91000000,2259.19820000
2026-10-02,4191.91000000,4230.21000000,4136.67000000,4152.58000000,6569.10550000
2026-10-03,4152.58000000,4153.41000000,4143.47000000,4148.20000000,977.19070000
2026-10-04,4148.20000000,4153.50000000,4138.30000000,4148.00000000,1200.58430000
