date,equity,dd,trade_usd,close,open,target,units,cash,risk_peak,cooldown,locked,halted
2024-01-01,9994.874486494235,-0.0005125513505765955,9985.022466300548,2029.0,2027.0,1.0,4.926010096842895,0.0,10000.0,0,False,False
2024-01-02,10024.430547075292,0.0,0.0,2035.0,2029.0,1.0,4.926010096842895,0.0,10000.0,0,False,False
2024-01-03,9940.688375428963,-0.008353808353808279,0.0,2018.0,2033.0,1.0,4.926010096842895,0.0,10024.430547075292,0,False,False
2024-01-04,9955.466405719491,-0.00687960687960687,0.0,2021.0,2018.0,1.0,4.926010096842895,0.0,10024.430547075292,0,False,False
2024-01-05,9950.54039562265,-0.0073710073710072654,0.0,2020.0,2021.0,1.0,4.926010096842895,0.0,10024.430547075292,0,False,False
2024-01-06,9930.836355235277,-0.009336609336609292,0.0,2016.0,2021.0,1.0,4.926010096842895,0.0,10024.430547075292,0,False,False
2024-01-07,9925.910345138434,-0.009828009828009798,0.0,2015.0,2017.0,1.0,4.926010096842895,0.0,10024.430547075292,0,False,False
2024-01-08,9886.502264363691,-0.01375921375921374,0.0,2007.0,2014.0,1.0,4.926010096842895,0.0,10024.430547075292,0,False,False
2024-01-09,9925.910345138434,-0.009828009828009798,0.0,2015.0,2008.0,1.0,4.926010096842895,0.0,10024.430547075292,0,False,False
2024-01-10,9852.02019368579,-0.017199017199017175,0.0,2000.0,2014.0,1.0,4.926010096842895,0.0,10024.430547075292,0,False,False
2024-01-11,9911.132314847906,-0.011302211302211207,0.0,2012.0,1999.0,1.0,4.926010096842895,0.0,10024.430547075292,0,False,False
2024-01-12,9960.392415816334,-0.006388206388206474,0.0,2022.0,2011.0,1.0,4.926010096842895,0.0,10024.430547075292,0,False,False
2024-01-13,9940.688375428963,-0.008353808353808279,0.0,2018.0,2021.0,1.0,4.926010096842895,0.0,10024.430547075292,0,False,False
2024-01-14,9960.392415816334,-0.006388206388206474,0.0,2022.0,2018.0,1.0,4.926010096842895,0.0,10024.430547075292,0,False,False
2024-01-15,10049.060597559506,0.0,0.0,2040.0,2022.0,1.0,4.926010096842895,0.0,10024.430547075292,0,False,False
2024-01-16,9940.688375428963,-0.010784313725490158,0.0,2018.0,2040.0,1.0,4.926010096842895,0.0,10049.060597559506,0,False,False
2024-01-17,9876.650244170005,-0.01715686274509809,0.0,2005.0,2019.0,1.0,4.926010096842895,0.0,10049.060597559506,0,False,False
2024-01-18,9930.836355235277,-0.01176470588235301,0.0,2016.0,2005.0,1.0,4.926010096842895,0.0,10049.060597559506,0,False,False
2024-01-19,9901.28029465422,-0.014705882352941124,0.0,2010.0,2015.0,1.0,4.926010096842895,0.0,10049.060597559506,0,False,False
2024-01-20,9920.98433504159,-0.012745098039215752,0.0,2014.0,2010.0,1.0,4.926010096842895,0.0,10049.060597559506,0,False,False
2024-01-21,9891.428274460533,-0.015686274509803977,0.0,2008.0,2013.0,1.0,4.926010096842895,0.0,10049.060597559506,0,False,False
2024-01-22,9856.946203782634,-0.01911764705882346,0.0,2001.0,2008.0,1.0,4.926010096842895,0.0,10049.060597559506,0,False,False
2024-01-23,9896.354284557377,-0.015196078431372495,0.0,2009.0,2002.0,1.0,4.926010096842895,0.0,10049.060597559506,0,False,False
2024-01-24,9871.724234073163,-0.01764705882352935,0.0,2004.0,2009.0,1.0,4.926010096842895,0.0,10049.060597559506,0,False,False
2024-01-25,9866.798223976319,-0.01813725490196083,0.0,2003.0,2004.0,1.0,4.926010096842895,0.0,10049.060597559506,0,False,False
2024-01-26,9856.916647722053,-0.019120588235294056,-9871.724234073163,1999.0,2004.0,0.0,0.0,9856.916647722053,10049.060597559506,0,False,False
2024-01-27,9856.916647722053,-0.019120588235294056,0.0,1998.0,1999.0,0.0,0.0,9856.916647722053,10049.060597559506,0,False,False
2024-01-28,9856.916647722053,-0.019120588235294056,0.0,2007.0,1998.0,0.0,0.0,9856.916647722053,10049.060597559506,0,False,False
2024-01-29,9856.916647722053,-0.019120588235294056,0.0,2009.0,2007.0,0.0,0.0,9856.916647722053,10049.060597559506,0,False,False
2024-01-30,9856.916647722053,-0.019120588235294056,0.0,2015.0,2009.0,0.0,0.0,9856.916647722053,10049.060597559506,0,False,False
2024-01-31,9856.916647722053,-0.019120588235294056,0.0,2023.0,2015.0,0.0,0.0,9856.916647722053,10049.060597559506,0,False,False
2024-02-01,9905.400078212931,-0.01429591531983232,9842.153417595659,2036.0,2023.0,1.0,4.865127739790242,0.0,10049.060597559506,0,False,False
2024-02-02,9851.88367307524,-0.019621428547475728,0.0,2025.0,2036.0,1.0,4.865127739790242,0.0,10049.060597559506,0,False,False
2024-02-03,9822.692906636497,-0.022526253944372132,0.0,2019.0,2022.0,1.0,4.865127739790242,0.0,10049.060597559506,0,False,False
2024-02-04,9822.692906636497,-0.022526253944372132,0.0,2019.0,2019.0,1.0,4.865127739790242,0.0,10049.060597559506,0,False,False
2024-02-05,9769.176501498805,-0.02785176717201543,0.0,2008.0,2021.0,1.0,4.865127739790242,0.0,10049.060597559506,0,False,False
2024-02-06,9808.097523417127,-0.023978666642820223,0.0,2016.0,2008.0,1.0,4.865127739790242,0.0,10049.060597559506,0,False,False
2024-02-07,9812.962651156917,-0.023494529076670934,0.0,2017.0,2016.0,1.0,4.865127739790242,0.0,10049.060597559506,0,False,False
2024-02-08,9793.502140197757,-0.025431079341268314,0.0,2013.0,2016.0,1.0,4.865127739790242,0.0,10049.060597559506,0,False,False
2024-02-09,9739.985735060063,-0.030756592568911834,0.0,2002.0,2012.0,1.0,4.865127739790242,0.0,10049.060597559506,0,False,False
2024-02-10,9725.390351840693,-0.032209005267359925,0.0,1999.0,2001.0,1.0,4.865127739790242,0.0,10049.060597559506,0,False,False
2024-02-11,9710.802266312932,-0.03366069175945885,-9725.390351840693,2005.0,1999.0,0.0,0.0,9710.802266312932,10049.060597559506,0,False,False
2024-02-12,9710.802266312932,-0.03366069175945885,0.0,2001.0,2004.0,0.0,0.0,9710.802266312932,10049.060597559506,0,False,False
2024-02-13,9710.802266312932,-0.03366069175945885,0.0,1987.0,2000.0,0.0,0.0,9710.802266312932,10049.060597559506,0,False,False
2024-02-14,9710.802266312932,-0.03366069175945885,0.0,1980.0,1988.0,0.0,0.0,9710.802266312932,10049.060597559506,0,False,False
2024-02-15,9710.802266312932,-0.03366069175945885,0.0,1982.0,1980.0,0.0,0.0,9710.802266312932,10049.060597559506,0,False,False
2024-02-16,9710.802266312932,-0.03366069175945885,0.0,1986.0,1982.0,0.0,0.0,9710.802266312932,10049.060597559506,0,False,False
2024-02-17,9710.802266312932,-0.03366069175945885,0.0,1991.0,1985.0,0.0,0.0,9710.802266312932,10049.060597559506,0,False,False
2024-02-18,9710.802266312932,-0.03366069175945885,0.0,1991.0,1990.0,0.0,0.0,9710.802266312932,10049.060597559506,0,False,False
2024-02-19,9710.802266312932,-0.03366069175945885,0.0,1989.0,1990.0,0.0,0.0,9710.802266312932,10049.060597559506,0,False,False
2024-02-20,9710.802266312932,-0.03366069175945885,0.0,2004.0,1989.0,0.0,0.0,9710.802266312932,10049.060597559506,0,False,False
2024-02-21,9710.802266312932,-0.03366069175945885,0.0,2002.0,2004.0,0.0,0.0,9710.802266312932,10049.060597559506,0,False,False
2024-02-22,9710.802266312932,-0.03366069175945885,0.0,2001.0,2002.0,0.0,0.0,9710.802266312932,10049.060597559506,0,False,False
2024-02-23,9710.802266312932,-0.03366069175945885,0.0,2008.0,2001.0,0.0,0.0,9710.802266312932,10049.060597559506,0,False,False
2024-02-24,9710.802266312932,-0.03366069175945885,0.0,2008.0,2008.0,0.0,0.0,9710.802266312932,10049.060597559506,0,False,False
2024-02-25,9710.802266312932,-0.03366069175945885,0.0,2008.0,2008.0,0.0,0.0,9710.802266312932,10049.060597559506,0,False,False
2024-02-26,9710.802266312932,-0.03366069175945885,0.0,2005.0,2008.0,0.0,0.0,9710.802266312932,10049.060597559506,0,False,False
2024-02-27,9710.802266312932,-0.03366069175945885,0.0,2005.0,2005.0,0.0,0.0,9710.802266312932,10049.060597559506,0,False,False
2024-02-28,9710.802266312932,-0.03366069175945885,0.0,2019.0,2005.0,0.0,0.0,9710.802266312932,10049.060597559506,0,False,False
2024-02-29,9585.745525069333,-0.0461053118340925,9696.25787949369,1995.0,2018.0,1.0,4.804884974972096,0.0,10049.060597559506,0,False,False
2024-03-01,9576.16458442924,-0.04705872837955749,-9590.550410044305,2019.0,1996.0,0.0,0.0,9576.16458442924,10049.060597559506,0,False,False
2024-03-02,9618.65288791715,-0.04283064127873659,9561.82185165176,2031.0,2019.0,1.0,4.735919688782447,0.0,10049.060597559506,0,False,False
2024-03-03,9580.76553040689,-0.04660088001323681,0.0,2023.0,2030.0,1.0,4.735919688782447,0.0,10049.060597559506,0,False,False
2024-03-04,9779.674157335754,-0.02680712665711016,0.0,2065.0,2024.0,1.0,4.735919688782447,0.0,10049.060597559506,0,False,False
2024-03-05,9893.336229866532,-0.015496410453609277,0.0,2089.0,2065.0,1.0,4.735919688782447,0.0,10049.060597559506,0,False,False
2024-03-06,9997.526463019745,-0.0051282539337335065,0.0,2111.0,2089.0,1.0,4.735919688782447,0.0,10049.060597559506,0,False,False
2024-03-07,10092.244856795394,0.0,0.0,2131.0,2110.0,1.0,4.735919688782447,0.0,10049.060597559506,0,False,False
2024-03-08,10092.244856795394,0.0,0.0,2131.0,2131.0,1.0,4.735919688782447,0.0,10092.244856795394,0,False,False
2024-03-09,10087.508937106611,-0.00046926325668705804,0.0,2130.0,2131.0,1.0,4.735919688782447,0.0,10092.244856795394,0,False,False
2024-03-10,10139.604053683219,0.0,0.0,2141.0,2130.0,1.0,4.735919688782447,0.0,10092.244856795394,0,False,False
2024-03-11,10229.586527770085,0.0,0.0,2160.0,2139.0,1.0,4.735919688782447,0.0,10139.604053683219,0,False,False
2024-03-12,10153.811812749567,-0.007407407407407307,0.0,2144.0,2161.0,1.0,4.735919688782447,0.0,10229.586527770085,0,False,False
2024-03-13,10196.435089948609,-0.003240740740740655,0.0,2153.0,2144.0,1.0,4.735919688782447,0.0,10229.586527770085,0,False,False
2024-03-14,10158.547732438348,-0.00694444444444442,0.0,2145.0,2154.0,1.0,4.735919688782447,0.0,10229.586527770085,0,False,False
2024-03-15,10106.452615861743,-0.012037037037036957,0.0,2134.0,2145.0,1.0,4.735919688782447,0.0,10229.586527770085,0,False,False
2024-03-16,10030.677900841223,-0.019444444444444375,0.0,2118.0,2133.0,1.0,4.735919688782447,0.0,10229.586527770085,0,False,False
2024-03-17,10049.621579596353,-0.017592592592592493,0.0,2122.0,2118.0,1.0,4.735919688782447,0.0,10229.586527770085,0,False,False
2024-03-18,10144.339973372002,-0.008333333333333304,0.0,2142.0,2122.0,1.0,4.735919688782447,0.0,10229.586527770085,0,False,False
2024-03-19,10096.980776484177,-0.012962962962962954,0.0,2132.0,2142.0,1.0,4.735919688782447,0.0,10229.586527770085,0,False,False
2024-03-20,10347.984519989646,0.0,0.0,2185.0,2132.0,1.0,4.735919688782447,0.0,10229.586527770085,0,False,False
2024-03-21,10295.88940341304,-0.005034324942791657,0.0,2174.0,2185.0,1.0,4.735919688782447,0.0,10347.984519989646,0,False,False
2024-03-22,10182.22733088226,-0.016018306636155666,0.0,2150.0,2174.0,1.0,4.735919688782447,0.0,10347.984519989646,0,False,False
2024-03-23,10163.283652127131,-0.01784897025171628,0.0,2146.0,2149.0,1.0,4.735919688782447,0.0,10347.984519989646,0,False,False
2024-03-24,10243.794286836433,-0.010068649885583425,0.0,2163.0,2149.0,1.0,4.735919688782447,0.0,10347.984519989646,0,False,False
2024-03-25,10281.681644346692,-0.0064073226544622,0.0,2171.0,2160.0,1.0,4.735919688782447,0.0,10347.984519989646,0,False,False
2024-03-26,10258.00204590278,-0.008695652173912993,0.0,2166.0,2172.0,1.0,4.735919688782447,0.0,10347.984519989646,0,False,False
2024-03-27,10286.417564035475,-0.005949656750572019,0.0,2172.0,2165.0,1.0,4.735919688782447,0.0,10347.984519989646,0,False,False
2024-03-28,10475.854351586773,0.0,0.0,2212.0,2172.0,1.0,4.735919688782447,0.0,10347.984519989646,0,False,False
2024-03-29,10504.269869719468,0.0,0.0,2218.0,2213.0,1.0,4.735919688782447,0.0,10475.854351586773,0,False,False
2024-03-30,10442.702913765295,-0.005861136158701652,0.0,2205.0,2219.0,1.0,4.735919688782447,0.0,10504.269869719468,0,False,False
2024-03-31,10523.213548474598,0.0,0.0,2222.0,2205.0,1.0,4.735919688782447,0.0,10504.269869719468,0,False,False
2024-04-01,10561.100905984857,0.0,0.0,2230.0,2221.0,1.0,4.735919688782447,0.0,10523.213548474598,0,False,False
2024-04-02,10712.650336025896,0.0,0.0,2262.0,2230.0,1.0,4.735919688782447,0.0,10561.100905984857,0,False,False
2024-04-03,10892.615284199628,0.0,0.0,2300.0,2262.0,1.0,4.735919688782447,0.0,10712.650336025896,0,False,False
2024-04-04,10745.801773847372,-0.013478260869565273,0.0,2269.0,2301.0,1.0,4.735919688782447,0.0,10892.615284199628,0,False,False
2024-04-05,10973.12591890893,0.0,0.0,2317.0,2268.0,1.0,4.735919688782447,0.0,10892.615284199628,0,False,False
2024-04-06,10911.558962954758,-0.005610703495899982,0.0,2304.0,2316.0,1.0,4.735919688782447,0.0,10973.12591890893,0,False,False
2024-04-07,10849.992007000586,-0.011221406991799743,0.0,2291.0,2303.0,1.0,4.735919688782447,0.0,10973.12591890893,0,False,False
2024-04-08,10987.333677975277,0.0,0.0,2320.0,2289.0,1.0,4.735919688782447,0.0,10973.12591890893,0,False,False
2024-04-09,11048.900633929448,0.0,0.0,2333.0,2319.0,1.0,4.735919688782447,0.0,10987.333677975277,0,False,False
2024-04-10,11006.277356730407,-0.00385769395627944,0.0,2324.0,2333.0,1.0,4.735919688782447,0.0,11048.900633929448,0,False,False
2024-04-11,11200.450063970487,0.0,0.0,2365.0,2324.0,1.0,4.735919688782447,0.0,11048.900633929448,0,False,False
2024-04-12,11153.090867082663,-0.0042283298097252064,0.0,2355.0,2364.0,1.0,4.735919688782447,0.0,11200.450063970487,0,False,False
2024-04-13,11612.47507689456,0.0,0.0,2452.0,2354.0,1.0,4.735919688782447,0.0,11200.450063970487,0,False,False
2024-04-14,11323.583975878832,-0.0248776508972266,0.0,2391.0,2452.0,1.0,4.735919688782447,0.0,11612.47507689456,0,False,False
2024-04-15,11517.75668311891,-0.00815660685154973,0.0,2432.0,2388.0,1.0,4.735919688782447,0.0,11612.47507689456,0,False,False
2024-04-16,11385.150931833003,-0.019575856443719397,0.0,2404.0,2431.0,1.0,4.735919688782447,0.0,11612.47507689456,0,False,False
2024-04-17,11347.263574322744,-0.022838499184339223,0.0,2396.0,2403.0,1.0,4.735919688782447,0.0,11612.47507689456,0,False,False
2024-04-18,11290.432538057354,-0.027732463295269127,0.0,2384.0,2396.0,1.0,4.735919688782447,0.0,11612.47507689456,0,False,False
2024-04-19,11337.791734945178,-0.023654159869494262,0.0,2394.0,2385.0,1.0,4.735919688782447,0.0,11612.47507689456,0,False,False
2024-04-20,11318.848056190049,-0.02528548123980412,0.0,2390.0,2394.0,1.0,4.735919688782447,0.0,11612.47507689456,0,False,False
2024-04-21,11257.281100235876,-0.030587275693311655,0.0,2377.0,2389.0,1.0,4.735919688782447,0.0,11612.47507689456,0,False,False
2024-04-22,10996.805517352843,-0.05301794453507325,0.0,2322.0,2377.0,1.0,4.735919688782447,0.0,11612.47507689456,0,False,False
2024-04-23,10935.23856139867,-0.05831973898858078,0.0,2309.0,2323.0,1.0,4.735919688782447,0.0,11612.47507689456,0,False,False
2024-04-24,10873.671605444499,-0.06362153344208799,0.0,2296.0,2309.0,1.0,4.735919688782447,0.0,11612.47507689456,0,False,False
2024-04-25,11020.485115796755,-0.05097879282218587,0.0,2327.0,2296.0,1.0,4.735919688782447,0.0,11612.47507689456,0,False,False
2024-04-26,11105.731670194838,-0.04363784665579118,0.0,2345.0,2327.0,1.0,4.735919688782447,0.0,11612.47507689456,0,False,False
2024-04-27,11162.562706460229,-0.03874388254486116,0.0,2357.0,2344.0,1.0,4.735919688782447,0.0,11612.47507689456,0,False,False
2024-04-28,11157.826786771446,-0.03915171288743868,0.0,2356.0,2356.0,1.0,4.735919688782447,0.0,11612.47507689456,0,False,False
2024-04-29,11100.995750506056,-0.0440456769983687,0.0,2344.0,2355.0,1.0,4.735919688782447,0.0,11612.47507689456,0,False,False
2024-04-30,10902.087123577194,-0.06117455138662309,0.0,2302.0,2344.0,1.0,4.735919688782447,0.0,11612.47507689456,0,False,False
2024-05-01,10939.974481087453,-0.05791190864600326,0.0,2310.0,2302.0,1.0,4.735919688782447,0.0,11612.47507689456,0,False,False
2024-05-02,10849.992007000586,-0.06566068515497547,0.0,2291.0,2311.0,1.0,4.735919688782447,0.0,11612.47507689456,0,False,False
2024-05-03,10840.52016762302,-0.06647634584013051,0.0,2289.0,2291.0,1.0,4.735919688782447,0.0,11612.47507689456,0,False,False
2024-05-04,10826.312408556674,-0.06769983686786285,0.0,2286.0,2289.0,1.0,4.735919688782447,0.0,11612.47507689456,0,False,False
2024-05-05,10816.840569179109,-0.06851549755301789,0.0,2284.0,2286.0,1.0,4.735919688782447,0.0,11612.47507689456,0,False,False
2024-05-06,10906.823043265975,-0.06076672104404568,0.0,2303.0,2285.0,1.0,4.735919688782447,0.0,11612.47507689456,0,False,False
2024-05-07,10835.784247934238,-0.06688417618270803,0.0,2288.0,2303.0,1.0,4.735919688782447,0.0,11612.47507689456,0,False,False
2024-05-08,10878.407525133282,-0.06321370309951047,0.0,2297.0,2289.0,1.0,4.735919688782447,0.0,11612.47507689456,0,False,False
2024-05-09,11082.052071750926,-0.045676998368678556,0.0,2340.0,2297.0,1.0,4.735919688782447,0.0,11612.47507689456,0,False,False
2024-05-10,11044.164714240667,-0.04893964110929838,0.0,2332.0,2342.0,1.0,4.735919688782447,0.0,11612.47507689456,0,False,False
2024-05-11,11082.052071750926,-0.045676998368678556,0.0,2340.0,2332.0,1.0,4.735919688782447,0.0,11612.47507689456,0,False,False
2024-05-12,11096.259830817273,-0.04445350734094622,0.0,2343.0,2340.0,1.0,4.735919688782447,0.0,11612.47507689456,0,False,False
2024-05-13,10987.333677975277,-0.05383360522022829,0.0,2320.0,2344.0,1.0,4.735919688782447,0.0,11612.47507689456,0,False,False
2024-05-14,11082.052071750926,-0.045676998368678556,0.0,2340.0,2320.0,1.0,4.735919688782447,0.0,11612.47507689456,0,False,False
2024-05-15,11271.488859302224,-0.029363784665579096,0.0,2380.0,2340.0,1.0,4.735919688782447,0.0,11612.47507689456,0,False,False
2024-05-16,11181.506385215358,-0.037112561174551306,0.0,2361.0,2380.0,1.0,4.735919688782447,0.0,11612.47507689456,0,False,False
2024-05-17,11318.848056190049,-0.02528548123980412,0.0,2390.0,2362.0,1.0,4.735919688782447,0.0,11612.47507689456,0,False,False
2024-05-18,11295.168457746136,-0.027324632952691608,0.0,2385.0,2390.0,1.0,4.735919688782447,0.0,11612.47507689456,0,False,False
2024-05-19,11389.886851521786,-0.019168026101141877,0.0,2405.0,2386.0,1.0,4.735919688782447,0.0,11612.47507689456,0,False,False
2024-05-20,11432.510128720827,-0.015497553017944532,0.0,2414.0,2405.0,1.0,4.735919688782447,0.0,11612.47507689456,0,False,False
2024-05-21,11427.774209032044,-0.015905383360522052,0.0,2413.0,2414.0,1.0,4.735919688782447,0.0,11612.47507689456,0,False,False
2024-05-22,11295.168457746136,-0.027324632952691608,0.0,2385.0,2413.0,1.0,4.735919688782447,0.0,11612.47507689456,0,False,False
2024-05-23,11096.259830817273,-0.04445350734094622,0.0,2343.0,2385.0,1.0,4.735919688782447,0.0,11612.47507689456,0,False,False
2024-05-24,11110.467589883621,-0.04323001631321366,0.0,2346.0,2343.0,1.0,4.735919688782447,0.0,11612.47507689456,0,False,False
2024-05-25,11110.467589883621,-0.04323001631321366,0.0,2346.0,2347.0,1.0,4.735919688782447,0.0,11612.47507689456,0,False,False
2024-05-26,11134.147188327534,-0.04119086460032617,0.0,2351.0,2346.0,1.0,4.735919688782447,0.0,11612.47507689456,0,False,False
2024-05-27,11162.562706460229,-0.03874388254486116,0.0,2357.0,2351.0,1.0,4.735919688782447,0.0,11612.47507689456,0,False,False
2024-05-28,11129.41126863875,-0.04159869494290369,0.0,2350.0,2358.0,1.0,4.735919688782447,0.0,11612.47507689456,0,False,False
2024-05-29,11011.01327641919,-0.05179445350734091,0.0,2325.0,2351.0,1.0,4.735919688782447,0.0,11612.47507689456,0,False,False
2024-05-30,11072.58023237336,-0.046492659053833596,0.0,2338.0,2328.0,1.0,4.735919688782447,0.0,11612.47507689456,0,False,False
2024-05-31,11044.164714240667,-0.04893964110929838,0.0,2332.0,2338.0,1.0,4.735919688782447,0.0,11612.47507689456,0,False,False
2024-06-01,11100.995750506056,-0.0440456769983687,0.0,2344.0,2333.0,1.0,4.735919688782447,0.0,11612.47507689456,0,False,False
2024-06-02,11058.372473307014,-0.047716150081566044,0.0,2335.0,2344.0,1.0,4.735919688782447,0.0,11612.47507689456,0,False,False
2024-06-03,11115.203509572404,-0.04282218597063614,0.0,2347.0,2335.0,1.0,4.735919688782447,0.0,11612.47507689456,0,False,False
2024-06-04,11058.372473307014,-0.047716150081566044,0.0,2335.0,2347.0,1.0,4.735919688782447,0.0,11612.47507689456,0,False,False
2024-06-05,11172.034545837792,-0.037928221859706346,0.0,2359.0,2336.0,1.0,4.735919688782447,0.0,11612.47507689456,0,False,False
2024-06-06,11200.450063970487,-0.03548123980424134,0.0,2365.0,2359.0,1.0,4.735919688782447,0.0,11612.47507689456,0,False,False
2024-06-07,10939.974481087453,-0.05791190864600326,0.0,2310.0,2365.0,1.0,4.735919688782447,0.0,11612.47507689456,0,False,False
2024-06-08,10897.351203888411,-0.06158238172920061,0.0,2301.0,2311.0,1.0,4.735919688782447,0.0,11612.47507689456,0,False,False
2024-06-09,10949.446320465018,-0.05709624796084822,0.0,2312.0,2302.0,1.0,4.735919688782447,0.0,11612.47507689456,0,False,False
2024-06-10,10968.389999220148,-0.055464926590538255,0.0,2316.0,2312.0,1.0,4.735919688782447,0.0,11612.47507689456,0,False,False
2024-06-11,10958.918159842582,-0.056280587275693295,0.0,2314.0,2316.0,1.0,4.735919688782447,0.0,11612.47507689456,0,False,False
2024-06-12,10942.479782602819,-0.0576961663947797,-10958.918159842582,2314.0,2314.0,0.0,0.0,10942.479782602819,11612.47507689456,0,False,False
2024-06-13,10942.479782602819,-0.0576961663947797,0.0,2297.0,2315.0,0.0,0.0,10942.479782602819,11612.47507689456,0,False,False
2024-06-14,10942.479782602819,-0.0576961663947797,0.0,2321.0,2297.0,0.0,0.0,10942.479782602819,11612.47507689456,0,False,False
2024-06-15,10942.479782602819,-0.0576961663947797,0.0,2333.0,2321.0,0.0,0.0,10942.479782602819,11612.47507689456,0,False,False
2024-06-16,10942.479782602819,-0.0576961663947797,0.0,2326.0,2333.0,0.0,0.0,10942.479782602819,11612.47507689456,0,False,False
2024-06-17,10942.479782602819,-0.0576961663947797,0.0,2314.0,2326.0,0.0,0.0,10942.479782602819,11612.47507689456,0,False,False
2024-06-18,10942.479782602819,-0.0576961663947797,0.0,2319.0,2314.0,0.0,0.0,10942.479782602819,11612.47507689456,0,False,False
2024-06-19,10942.479782602819,-0.0576961663947797,0.0,2316.0,2320.0,0.0,0.0,10942.479782602819,11612.47507689456,0,False,False
2024-06-20,10942.479782602819,-0.0576961663947797,0.0,2346.0,2317.0,0.0,0.0,10942.479782602819,11612.47507689456,0,False,False
2024-06-21,10942.479782602819,-0.0576961663947797,0.0,2321.0,2347.0,0.0,0.0,10942.479782602819,11612.47507689456,0,False,False
2024-06-22,10942.479782602819,-0.0576961663947797,0.0,2317.0,2321.0,0.0,0.0,10942.479782602819,11612.47507689456,0,False,False
2024-06-23,10942.479782602819,-0.0576961663947797,0.0,2313.0,2318.0,0.0,0.0,10942.479782602819,11612.47507689456,0,False,False
2024-06-24,10942.479782602819,-0.0576961663947797,0.0,2311.0,2315.0,0.0,0.0,10942.479782602819,11612.47507689456,0,False,False
2024-06-25,10942.479782602819,-0.0576961663947797,0.0,2302.0,2311.0,0.0,0.0,10942.479782602819,11612.47507689456,0,False,False
2024-06-26,10942.479782602819,-0.0576961663947797,0.0,2293.0,2302.0,0.0,0.0,10942.479782602819,11612.47507689456,0,False,False
2024-06-27,10942.479782602819,-0.0576961663947797,0.0,2308.0,2294.0,0.0,0.0,10942.479782602819,11612.47507689456,0,False,False
2024-06-28,10942.479782602819,-0.0576961663947797,0.0,2309.0,2308.0,0.0,0.0,10942.479782602819,11612.47507689456,0,False,False
2024-06-29,10942.479782602819,-0.0576961663947797,0.0,2308.0,2309.0,0.0,0.0,10942.479782602819,11612.47507689456,0,False,False
2024-06-30,10942.479782602819,-0.0576961663947797,0.0,2312.0,2309.0,0.0,0.0,10942.479782602819,11612.47507689456,0,False,False
2024-07-01,10942.479782602819,-0.0576961663947797,0.0,2314.0,2313.0,0.0,0.0,10942.479782602819,11612.47507689456,0,False,False
2024-07-02,10942.479782602819,-0.0576961663947797,0.0,2323.0,2315.0,0.0,0.0,10942.479782602819,11612.47507689456,0,False,False
2024-07-03,10942.479782602819,-0.0576961663947797,0.0,2341.0,2322.0,0.0,0.0,10942.479782602819,11612.47507689456,0,False,False
2024-07-04,10942.479782602819,-0.0576961663947797,0.0,2326.0,2342.0,0.0,0.0,10942.479782602819,11612.47507689456,0,False,False
2024-07-05,10942.479782602819,-0.0576961663947797,0.0,2354.0,2327.0,0.0,0.0,10942.479782602819,11612.47507689456,0,False,False
2024-07-06,10921.45111769587,-0.05950703485888431,10926.090646632869,2354.0,2355.0,1.0,4.639528936999095,0.0,11612.47507689456,0,False,False
2024-07-07,10926.090646632867,-0.0591075051370743,0.0,2355.0,2353.0,1.0,4.639528936999095,0.0,11612.47507689456,0,False,False
2024-07-08,10879.695357262877,-0.06310280235517585,0.0,2345.0,2355.0,1.0,4.639528936999095,0.0,11612.47507689456,0,False,False
2024-07-09,10870.416299388879,-0.0639018617987962,0.0,2343.0,2345.0,1.0,4.639528936999095,0.0,11612.47507689456,0,False,False
2024-07-10,10921.45111769587,-0.05950703485888431,0.0,2354.0,2344.0,1.0,4.639528936999095,0.0,11612.47507689456,0,False,False
2024-07-11,11093.113688364836,-0.04472443515190838,0.0,2391.0,2354.0,1.0,4.639528936999095,0.0,11612.47507689456,0,False,False
2024-07-12,11088.474159427837,-0.045123964873718614,0.0,2390.0,2392.0,1.0,4.639528936999095,0.0,11612.47507689456,0,False,False
2024-07-13,11088.474159427837,-0.045123964873718614,0.0,2390.0,2390.0,1.0,4.639528936999095,0.0,11612.47507689456,0,False,False
2024-07-14,11093.113688364836,-0.04472443515190838,0.0,2391.0,2389.0,1.0,4.639528936999095,0.0,11612.47507689456,0,False,False
2024-07-15,11148.788035608824,-0.039930078490186593,0.0,2403.0,2392.0,1.0,4.639528936999095,0.0,11612.47507689456,0,False,False
2024-07-16,11348.287779899785,-0.022750300452349714,0.0,2446.0,2403.0,1.0,4.639528936999095,0.0,11612.47507689456,0,False,False
2024-07-17,11329.72966415179,-0.02434841933959031,0.0,2442.0,2447.0,1.0,4.639528936999095,0.0,11612.47507689456,0,False,False
2024-07-18,11250.857672222804,-0.031140424610363038,0.0,2425.0,2442.0,1.0,4.639528936999095,0.0,11612.47507689456,0,False,False
2024-07-19,11176.625209230819,-0.037532900159325644,0.0,2409.0,2425.0,1.0,4.639528936999095,0.0,11612.47507689456,0,False,False
2024-07-20,11130.229919860829,-0.04152819737742719,0.0,2399.0,2407.0,1.0,4.639528936999095,0.0,11612.47507689456,0,False,False
2024-07-21,11181.264738167818,-0.03713337043751552,0.0,2410.0,2399.0,1.0,4.639528936999095,0.0,11612.47507689456,0,False,False
2024-07-22,11093.113688364836,-0.04472443515190838,0.0,2391.0,2410.0,1.0,4.639528936999095,0.0,11612.47507689456,0,False,False
2024-07-23,11130.229919860829,-0.04152819737742719,0.0,2399.0,2391.0,1.0,4.639528936999095,0.0,11612.47507689456,0,False,False
2024-07-24,11088.474159427837,-0.045123964873718614,0.0,2390.0,2400.0,1.0,4.639528936999095,0.0,11612.47507689456,0,False,False
2024-07-25,10995.683580687853,-0.05311455930992193,0.0,2370.0,2389.0,1.0,4.639528936999095,0.0,11612.47507689456,0,False,False
2024-07-26,11074.555572616839,-0.0463225540391492,0.0,2387.0,2369.0,1.0,4.639528936999095,0.0,11612.47507689456,0,False,False
2024-07-27,11060.636985805842,-0.04752114320457956,0.0,2384.0,2387.0,1.0,4.639528936999095,0.0,11612.47507689456,0,False,False
2024-07-28,11097.753217301834,-0.04432490543009837,0.0,2392.0,2383.0,1.0,4.639528936999095,0.0,11612.47507689456,0,False,False
2024-07-29,11065.27651474284,-0.04712161348276955,0.0,2385.0,2392.0,1.0,4.639528936999095,0.0,11612.47507689456,0,False,False
2024-07-30,11134.869448797826,-0.04112866765561707,0.0,2400.0,2385.0,1.0,4.639528936999095,0.0,11612.47507689456,0,False,False
2024-07-31,11292.613432655797,-0.027544657114071613,0.0,2434.0,2401.0,1.0,4.639528936999095,0.0,11612.47507689456,0,False,False
2024-08-01,11274.0553169078,-0.02914277600131232,0.0,2430.0,2435.0,1.0,4.639528936999095,0.0,11612.47507689456,0,False,False
2024-08-02,11403.962127143775,-0.017955943790627704,0.0,2458.0,2430.0,1.0,4.639528936999095,0.0,11612.47507689456,0,False,False
2024-08-03,11445.717887576766,-0.014360176294336391,0.0,2467.0,2458.0,1.0,4.639528936999095,0.0,11612.47507689456,0,False,False
2024-08-04,11376.12495352178,-0.020353122121488765,0.0,2452.0,2467.0,1.0,4.639528936999095,0.0,11612.47507689456,0,False,False
2024-08-05,11111.671804112832,-0.0431263162646679,0.0,2395.0,2452.0,1.0,4.639528936999095,0.0,11612.47507689456,0,False,False
2024-08-06,11060.636985805842,-0.04752114320457956,0.0,2384.0,2395.0,1.0,4.639528936999095,0.0,11612.47507689456,0,False,False
2024-08-07,11014.24169643585,-0.05151644042268122,0.0,2374.0,2386.0,1.0,4.639528936999095,0.0,11612.47507689456,0,False,False
2024-08-08,11213.741440726812,-0.03433666238484434,0.0,2417.0,2373.0,1.0,4.639528936999095,0.0,11612.47507689456,0,False,False
2024-08-09,11223.02049860081,-0.03353760294122399,0.0,2419.0,2417.0,1.0,4.639528936999095,0.0,11612.47507689456,0,False,False
2024-08-10,11260.136730096803,-0.030341365166742684,0.0,2427.0,2419.0,1.0,4.639528936999095,0.0,11612.47507689456,0,False,False
2024-08-11,11278.694845844799,-0.028743246279502088,0.0,2431.0,2428.0,1.0,4.639528936999095,0.0,11612.47507689456,0,False,False
2024-08-12,11436.438829702769,-0.015159235737956633,0.0,2465.0,2432.0,1.0,4.639528936999095,0.0,11612.47507689456,0,False,False
2024-08-13,11385.404011395778,-0.01955406267786841,0.0,2454.0,2466.0,1.0,4.639528936999095,0.0,11612.47507689456,0,False,False
2024-08-14,11334.369193088789,-0.023948889617780078,0.0,2443.0,2454.0,1.0,4.639528936999095,0.0,11612.47507689456,0,False,False
2024-08-15,11371.48542458478,-0.020752651843298997,0.0,2451.0,2444.0,1.0,4.639528936999095,0.0,11612.47507689456,0,False,False
2024-08-16,11557.066582064745,-0.004771462970892593,0.0,2491.0,2451.0,1.0,4.639528936999095,0.0,11612.47507689456,0,False,False
2024-08-17,11677.694334426722,0.0,0.0,2517.0,2492.0,1.0,4.639528936999095,0.0,11612.47507689456,0,False,False
2024-08-18,11622.019987182732,-0.00476758045292025,0.0,2505.0,2517.0,1.0,4.639528936999095,0.0,11677.694334426722,0,False,False
2024-08-19,11640.578102930729,-0.003178386968613389,0.0,2509.0,2505.0,1.0,4.639528936999095,0.0,11677.694334426722,0,False,False
2024-08-20,11626.659516119731,-0.004370282081843535,0.0,2506.0,2505.0,1.0,4.639528936999095,0.0,11677.694334426722,0,False,False
2024-08-21,11608.101400371736,-0.005959475566150174,0.0,2502.0,2507.0,1.0,4.639528936999095,0.0,11677.694334426722,0,False,False
2024-08-22,11533.86893737975,-0.012316249503377064,0.0,2486.0,2504.0,1.0,4.639528936999095,0.0,11677.694334426722,0,False,False
2024-08-23,11649.857160804726,-0.0023837902264601807,0.0,2511.0,2488.0,1.0,4.639528936999095,0.0,11677.694334426722,0,False,False
2024-08-24,11645.217631867728,-0.002781088597536785,0.0,2510.0,2511.0,1.0,4.639528936999095,0.0,11677.694334426722,0,False,False
2024-08-25,11654.496689741725,-0.0019864918553834654,0.0,2512.0,2512.0,1.0,4.639528936999095,0.0,11677.694334426722,0,False,False
2024-08-26,11635.93857399373,-0.0035756853396901045,0.0,2508.0,2513.0,1.0,4.639528936999095,0.0,11677.694334426722,0,False,False
2024-08-27,11635.93857399373,-0.0035756853396901045,0.0,2508.0,2508.0,1.0,4.639528936999095,0.0,11677.694334426722,0,False,False
2024-08-28,11594.182813560737,-0.00715137067938032,0.0,2499.0,2509.0,1.0,4.639528936999095,0.0,11677.694334426722,0,False,False
2024-08-29,11640.578102930729,-0.003178386968613389,0.0,2509.0,2500.0,1.0,4.639528936999095,0.0,11677.694334426722,0,False,False
2024-08-30,11580.26422674974,-0.008343265792610355,0.0,2496.0,2509.0,1.0,4.639528936999095,0.0,11677.694334426722,0,False,False
2024-08-31,11580.26422674974,-0.008343265792610355,0.0,2496.0,2496.0,1.0,4.639528936999095,0.0,11677.694334426722,0,False,False
2024-09-01,11566.345639938743,-0.009535160905840279,0.0,2493.0,2496.0,1.0,4.639528936999095,0.0,11677.694334426722,0,False,False
2024-09-02,11584.903755686739,-0.00794596742153364,0.0,2497.0,2492.0,1.0,4.639528936999095,0.0,11677.694334426722,0,False,False
2024-09-03,11566.345639938743,-0.009535160905840279,0.0,2493.0,2497.0,1.0,4.639528936999095,0.0,11677.694334426722,0,False,False
2024-09-04,11603.461871434736,-0.0063567739372268894,0.0,2501.0,2493.0,1.0,4.639528936999095,0.0,11677.694334426722,0,False,False
2024-09-05,11645.217631867728,-0.002781088597536785,0.0,2510.0,2501.0,1.0,4.639528936999095,0.0,11677.694334426722,0,False,False
2024-09-06,11608.101400371736,-0.005959475566150174,0.0,2502.0,2509.0,1.0,4.639528936999095,0.0,11677.694334426722,0,False,False
2024-09-07,11566.345639938743,-0.009535160905840279,0.0,2493.0,2502.0,1.0,4.639528936999095,0.0,11677.694334426722,0,False,False
2024-09-08,11584.903755686739,-0.00794596742153364,0.0,2497.0,2493.0,1.0,4.639528936999095,0.0,11677.694334426722,0,False,False
2024-09-09,11631.29904505673,-0.00397298371076682,0.0,2507.0,2498.0,1.0,4.639528936999095,0.0,11677.694334426722,0,False,False
2024-09-10,11682.33386336372,0.0,0.0,2518.0,2507.0,1.0,4.639528936999095,0.0,11677.694334426722,0,False,False
2024-09-11,11659.136218678725,-0.0019857029388402614,0.0,2513.0,2518.0,1.0,4.639528936999095,0.0,11682.33386336372,0,False,False
2024-09-12,11844.71737615869,0.0,0.0,2553.0,2513.0,1.0,4.639528936999095,0.0,11682.33386336372,0,False,False
2024-09-13,11960.705599583665,0.0,0.0,2578.0,2554.0,1.0,4.639528936999095,0.0,11844.71737615869,0,False,False
2024-09-14,11956.066070646666,-0.00038789759503488064,0.0,2577.0,2578.0,1.0,4.639528936999095,0.0,11960.705599583665,0,False,False
2024-09-15,11965.345128520665,0.0,0.0,2579.0,2577.0,1.0,4.639528936999095,0.0,11960.705599583665,0,False,False
2024-09-16,12025.659004701653,0.0,0.0,2592.0,2579.0,1.0,4.639528936999095,0.0,11965.345128520665,0,False,False
2024-09-17,11979.263715331663,-0.0038580246913578753,0.0,2582.0,2592.0,1.0,4.639528936999095,0.0,12025.659004701653,0,False,False
2024-09-18,11960.705599583665,-0.005401234567901203,0.0,2578.0,2581.0,1.0,4.639528936999095,0.0,12025.659004701653,0,False,False
2024-09-19,12016.379946827656,-0.0007716049382714418,0.0,2590.0,2577.0,1.0,4.639528936999095,0.0,12025.659004701653,0,False,False
2024-09-20,12178.763459622623,0.0,0.0,2625.0,2589.0,1.0,4.639528936999095,0.0,12025.659004701653,0,False,False
2024-09-21,12206.600633244618,0.0,0.0,2631.0,2625.0,1.0,4.639528936999095,0.0,12178.763459622623,0,False,False
2024-09-22,12164.844872811625,-0.003420752565564511,0.0,2622.0,2631.0,1.0,4.639528936999095,0.0,12206.600633244618,0,False,False
2024-09-23,12188.042517496622,-0.0015203344735841284,0.0,2627.0,2621.0,1.0,4.639528936999095,0.0,12206.600633244618,0,False,False
2024-09-24,12304.030740921598,0.0,0.0,2652.0,2627.0,1.0,4.639528936999095,0.0,12206.600633244618,0,False,False
2024-09-25,12308.670269858598,0.0,0.0,2653.0,2652.0,1.0,4.639528936999095,0.0,12304.030740921598,0,False,False
2024-09-26,12341.146972417591,0.0,0.0,2660.0,2652.0,1.0,4.639528936999095,0.0,12308.670269858598,0,False,False
2024-09-27,12299.391211984599,-0.0033834586466165995,0.0,2651.0,2661.0,1.0,4.639528936999095,0.0,12341.146972417591,0,False,False
2024-09-28,12336.507443480592,-0.0003759398496240296,0.0,2659.0,2650.0,1.0,4.639528936999095,0.0,12341.146972417591,0,False,False
2024-09-29,12350.42603029159,0.0,0.0,2662.0,2659.0,1.0,4.639528936999095,0.0,12341.146972417591,0,False,False
2024-09-30,12229.798277929613,-0.00976709241172058,0.0,2636.0,2663.0,1.0,4.639528936999095,0.0,12350.42603029159,0,False,False
2024-10-01,12424.658493283576,0.0,0.0,2678.0,2637.0,1.0,4.639528936999095,0.0,12350.42603029159,0,False,False
2024-10-02,12382.902732850584,-0.003360716952950038,0.0,2669.0,2681.0,1.0,4.639528936999095,0.0,12424.658493283576,0,False,False
2024-10-03,12368.984146039586,-0.004480955937266717,0.0,2666.0,2669.0,1.0,4.639528936999095,0.0,12424.658493283576,0,False,False
2024-10-04,12345.78650135459,-0.006348020911127739,0.0,2661.0,2663.0,1.0,4.639528936999095,0.0,12424.658493283576,0,False,False
2024-10-05,12452.49566690557,0.0,0.0,2684.0,2661.0,1.0,4.639528936999095,0.0,12424.658493283576,0,False,False
2024-10-06,12424.658493283576,-0.0022354694485842153,0.0,2678.0,2685.0,1.0,4.639528936999095,0.0,12452.49566690557,0,False,False
2024-10-07,12327.228385606595,-0.010059612518628858,0.0,2657.0,2679.0,1.0,4.639528936999095,0.0,12452.49566690557,0,False,False
2024-10-08,12215.879691118616,-0.01900149031296572,0.0,2633.0,2657.0,1.0,4.639528936999095,0.0,12452.49566690557,0,False,False
2024-10-09,12164.844872811625,-0.023099850968703484,0.0,2622.0,2635.0,1.0,4.639528936999095,0.0,12452.49566690557,0,False,False
2024-10-10,12266.914509425606,-0.014903129657228065,0.0,2644.0,2624.0,1.0,4.639528936999095,0.0,12452.49566690557,0,False,False
2024-10-11,12387.542261787583,-0.005216095380029762,0.0,2670.0,2645.0,1.0,4.639528936999095,0.0,12452.49566690557,0,False,False
2024-10-12,12336.507443480592,-0.009314456035767527,0.0,2659.0,2670.0,1.0,4.639528936999095,0.0,12452.49566690557,0,False,False
2024-10-13,12345.78650135459,-0.008569299552906084,0.0,2661.0,2660.0,1.0,4.639528936999095,0.0,12452.49566690557,0,False,False
2024-10-14,12341.146972417591,-0.008941877794336861,0.0,2660.0,2662.0,1.0,4.639528936999095,0.0,12452.49566690557,0,False,False
2024-10-15,12392.181790724582,-0.004843517138599096,0.0,2671.0,2660.0,1.0,4.639528936999095,0.0,12452.49566690557,0,False,False
2024-10-16,12424.658493283576,-0.0022354694485842153,0.0,2678.0,2671.0,1.0,4.639528936999095,0.0,12452.49566690557,0,False,False
2024-10-17,12549.92577458255,0.0,0.0,2705.0,2679.0,1.0,4.639528936999095,0.0,12452.49566690557,0,False,False
2024-10-18,12651.99541119653,0.0,0.0,2727.0,2705.0,1.0,4.639528936999095,0.0,12549.92577458255,0,False,False
2024-10-19,12703.030229503522,0.0,0.0,2738.0,2726.0,1.0,4.639528936999095,0.0,12651.99541119653,0,False,False
2024-10-20,12716.948816314518,0.0,0.0,2741.0,2739.0,1.0,4.639528936999095,0.0,12703.030229503522,0,False,False
2024-10-21,12689.111642692524,-0.002188982123312644,0.0,2735.0,2741.0,1.0,4.639528936999095,0.0,12716.948816314518,0,False,False
2024-10-22,12805.099866117502,0.0,0.0,2760.0,2735.0,1.0,4.639528936999095,0.0,12716.948816314518,0,False,False
2024-10-23,12712.309287377519,-0.007246376811594346,0.0,2740.0,2761.0,1.0,4.639528936999095,0.0,12805.099866117502,0,False,False
2024-10-24,12786.541750369504,-0.0014492753623188692,0.0,2756.0,2741.0,1.0,4.639528936999095,0.0,12805.099866117502,0,False,False
2024-10-25,12823.657981865497,0.0,0.0,2764.0,2756.0,1.0,4.639528936999095,0.0,12805.099866117502,0,False,False
2024-10-26,12809.739395054501,-0.0010853835021706892,0.0,2761.0,2764.0,1.0,4.639528936999095,0.0,12823.657981865497,0,False,False
2024-10-27,12758.70457674751,-0.005065123010130179,0.0,2750.0,2761.0,1.0,4.639528936999095,0.0,12823.657981865497,0,False,False
2024-10-28,12772.623163558508,-0.003979739507959379,0.0,2753.0,2751.0,1.0,4.639528936999095,0.0,12823.657981865497,0,False,False
2024-10-29,12832.937039739496,0.0,0.0,2766.0,2753.0,1.0,4.639528936999095,0.0,12823.657981865497,0,False,False
2024-10-30,12921.088089542478,0.0,0.0,2785.0,2766.0,1.0,4.639528936999095,0.0,12832.937039739496,0,False,False
2024-10-31,12777.262692495508,-0.011131059245960362,0.0,2754.0,2785.0,1.0,4.639528936999095,0.0,12921.088089542478,0,False,False
2024-11-01,12735.506932062515,-0.014362657091561815,0.0,2745.0,2754.0,1.0,4.639528936999095,0.0,12921.088089542478,0,False,False
2024-11-02,12763.34410568451,-0.012208258527827587,0.0,2751.0,2746.0,1.0,4.639528936999095,0.0,12921.088089542478,0,False,False
2024-11-03,12740.146460999515,-0.014003590664272814,0.0,2746.0,2753.0,1.0,4.639528936999095,0.0,12921.088089542478,0,False,False
2024-11-04,12726.227874188517,-0.015080789946140039,0.0,2743.0,2746.0,1.0,4.639528936999095,0.0,12921.088089542478,0,False,False
2024-11-05,12693.751171629523,-0.01759425493716338,0.0,2736.0,2743.0,1.0,4.639528936999095,0.0,12921.088089542478,0,False,False
2024-11-06,12313.309798795597,-0.04703770197486534,0.0,2654.0,2737.0,1.0,4.639528936999095,0.0,12921.088089542478,0,False,False
2024-11-07,12563.844361393549,-0.027648114901256626,0.0,2708.0,2655.0,1.0,4.639528936999095,0.0,12921.088089542478,0,False,False
2024-11-08,12392.181790724582,-0.04093357271095144,0.0,2671.0,2707.0,1.0,4.639528936999095,0.0,12921.088089542478,0,False,False
2024-11-09,12359.705088165589,-0.04344703770197478,0.0,2664.0,2671.0,1.0,4.639528936999095,0.0,12921.088089542478,0,False,False
2024-11-10,12359.705088165589,-0.04344703770197478,0.0,2664.0,2665.0,1.0,4.639528936999095,0.0,12921.088089542478,0,False,False
2024-11-11,12099.891467693638,-0.0635547576301616,0.0,2608.0,2663.0,1.0,4.639528936999095,0.0,12921.088089542478,0,False,False
2024-11-12,11872.554549780683,-0.08114901256732487,0.0,2559.0,2607.0,1.0,4.639528936999095,0.0,12921.088089542478,0,False,False
2024-11-13,11854.745717956013,-0.08252728904847384,-11872.554549780683,2563.0,2559.0,0.0,0.0,11854.745717956013,12921.088089542478,0,False,False
2024-11-14,11854.745717956013,-0.08252728904847384,0.0,2558.0,2564.0,0.0,0.0,11854.745717956013,12921.088089542478,0,False,False
2024-11-15,11854.745717956013,-0.08252728904847384,0.0,2570.0,2558.0,0.0,0.0,11854.745717956013,12921.088089542478,0,False,False
2024-11-16,11854.745717956013,-0.08252728904847384,0.0,2562.0,2573.0,0.0,0.0,11854.745717956013,12921.088089542478,0,False,False
2024-11-17,11854.745717956013,-0.08252728904847384,0.0,2579.0,2564.0,0.0,0.0,11854.745717956013,12921.088089542478,0,False,False
2024-11-18,11854.745717956013,-0.08252728904847384,0.0,2621.0,2580.0,0.0,0.0,11854.745717956013,12921.088089542478,0,False,False
2024-11-19,11854.745717956013,-0.08252728904847384,0.0,2643.0,2621.0,0.0,0.0,11854.745717956013,12921.088089542478,0,False,False
2024-11-20,11854.745717956013,-0.08252728904847384,0.0,2651.0,2644.0,0.0,0.0,11854.745717956013,12921.088089542478,0,False,False
2024-11-21,11854.745717956013,-0.08252728904847384,0.0,2669.0,2651.0,0.0,0.0,11854.745717956013,12921.088089542478,0,False,False
2024-11-22,11854.745717956013,-0.08252728904847384,0.0,2721.0,2669.0,0.0,0.0,11854.745717956013,12921.088089542478,0,False,False
2024-11-23,11854.745717956013,-0.08252728904847384,0.0,2722.0,2722.0,0.0,0.0,11854.745717956013,12921.088089542478,0,False,False
2024-11-24,11871.779329543493,-0.0812090090809171,11836.990232607102,2730.0,2722.0,1.0,4.348637117048899,0.0,12921.088089542478,0,False,False
2024-11-25,11436.915617838604,-0.11486435673363071,0.0,2630.0,2730.0,1.0,4.348637117048899,0.0,12921.088089542478,0,False,False
2024-11-26,11467.356077657945,-0.11250848239794087,0.0,2637.0,2631.0,1.0,4.348637117048899,0.0,12921.088089542478,0,False,False
2024-11-27,11502.145174594338,-0.10981605458572363,0.0,2645.0,2636.0,1.0,4.348637117048899,0.0,12921.088089542478,0,False,False
2024-11-28,11489.234070993818,-0.11081528185753287,-11506.493811711385,2637.0,2646.0,0.0,0.0,11489.234070993818,12921.088089542478,0,False,False
2024-11-29,11489.234070993818,-0.11081528185753287,0.0,2638.0,2638.0,0.0,0.0,11489.234070993818,12921.088089542478,0,False,False
2024-11-30,11489.234070993818,-0.11081528185753287,0.0,2637.0,2639.0,0.0,0.0,11489.234070993818,12921.088089542478,0,False,False
2024-12-01,11489.234070993818,-0.11081528185753287,0.0,2655.0,2637.0,0.0,0.0,11489.234070993818,12921.088089542478,0,False,False
2024-12-02,11489.234070993818,-0.11081528185753287,0.0,2637.0,2655.0,0.0,0.0,11489.234070993818,12921.088089542478,0,False,False
2024-12-03,11489.234070993818,-0.11081528185753287,0.0,2635.0,2637.0,0.0,0.0,11489.234070993818,12921.088089542478,0,False,False
2024-12-04,11489.234070993818,-0.11081528185753287,0.0,2637.0,2635.0,0.0,0.0,11489.234070993818,12921.088089542478,0,False,False
2024-12-05,11489.234070993818,-0.11081528185753287,0.0,2625.0,2637.0,0.0,0.0,11489.234070993818,12921.088089542478,0,False,False
2024-12-06,11489.234070993818,-0.11081528185753287,0.0,2627.0,2625.0,0.0,0.0,11489.234070993818,12921.088089542478,0,False,False
2024-12-07,11489.234070993818,-0.11081528185753287,0.0,2624.0,2627.0,0.0,0.0,11489.234070993818,12921.088089542478,0,False,False
2024-12-08,11489.234070993818,-0.11081528185753287,0.0,2629.0,2624.0,0.0,0.0,11489.234070993818,12921.088089542478,0,False,False
2024-12-09,11489.234070993818,-0.11081528185753287,0.0,2648.0,2629.0,0.0,0.0,11489.234070993818,12921.088089542478,0,False,False
2024-12-10,11489.234070993818,-0.11081528185753287,0.0,2684.0,2649.0,0.0,0.0,11489.234070993818,12921.088089542478,0,False,False
2024-12-11,11489.234070993818,-0.11081528185753287,0.0,2701.0,2684.0,0.0,0.0,11489.234070993818,12921.088089542478,0,False,False
2024-12-12,11365.921462653021,-0.12035879765792412,11472.0260319459,2678.0,2703.0,1.0,4.244182771715094,0.0,12921.088089542478,0,False,False
2024-12-13,11314.971640047122,-0.12430195029745572,-2842.5414113561837,2663.0,2679.0,0.75,3.183137078786321,2838.27759923915,12921.088089542478,0,False,False
2024-12-14,11273.5908580229,-0.1275045274904486,0.0,2650.0,2663.0,0.75,3.183137078786321,2838.27759923915,12921.088089542478,0,False,False
2024-12-15,11299.055954653191,-0.12553371075629904,0.0,2658.0,2650.0,0.75,3.183137078786321,2838.27759923915,12921.088089542478,0,False,False
2024-12-16,11292.68968049562,-0.12602641493983646,0.0,2656.0,2658.0,0.75,3.183137078786321,2838.27759923915,12921.088089542478,0,False,False
2024-12-17,11286.323406338044,-0.126519119123374,0.0,2654.0,2654.0,0.75,3.183137078786321,2838.27759923915,12921.088089542478,0,False,False
2024-12-18,11117.617141162369,-0.13957577998711468,0.0,2601.0,2655.0,0.75,3.183137078786321,2838.27759923915,12921.088089542478,0,False,False
2024-12-19,11108.376494222653,-0.14029094010951915,-8282.522679002008,2610.0,2602.0,0.0,-4.440892098500626e-16,11108.376494222655,12921.088089542478,0,False,False
2024-12-20,11108.376494222653,-0.14029094010951915,0.0,2630.0,2608.0,0.0,-4.440892098500626e-16,11108.376494222655,12921.088089542478,0,False,False
2024-12-21,11108.376494222653,-0.14029094010951915,0.0,2624.0,2630.0,0.0,-4.440892098500626e-16,11108.376494222655,12921.088089542478,0,False,False
2024-12-22,11108.376494222653,-0.14029094010951915,0.0,2626.0,2624.0,0.0,-4.440892098500626e-16,11108.376494222655,12921.088089542478,0,False,False
2024-12-23,11108.376494222653,-0.14029094010951915,0.0,2622.0,2626.0,0.0,-4.440892098500626e-16,11108.376494222655,12921.088089542478,0,False,False
2024-12-24,11108.376494222653,-0.14029094010951915,0.0,2630.0,2622.0,0.0,-4.440892098500626e-16,11108.376494222655,12921.088089542478,0,False,False
2024-12-25,11108.376494222653,-0.14029094010951915,0.0,2633.0,2630.0,0.0,-4.440892098500626e-16,11108.376494222655,12921.088089542478,0,False,False
2024-12-26,11108.376494222653,-0.14029094010951915,0.0,2654.0,2633.0,0.0,-4.440892098500626e-16,11108.376494222655,12921.088089542478,0,False,False
2024-12-27,11108.376494222653,-0.14029094010951915,0.0,2643.0,2654.0,0.0,-4.440892098500626e-16,11108.376494222655,12921.088089542478,0,False,False
2024-12-28,11108.376494222653,-0.14029094010951915,0.0,2656.0,2643.0,0.0,-4.440892098500626e-16,11108.376494222655,12921.088089542478,0,False,False
2024-12-29,11108.376494222653,-0.14029094010951915,0.0,2651.0,2657.0,0.0,-4.440892098500626e-16,11108.376494222655,12921.088089542478,0,False,False
2024-12-30,11108.376494222653,-0.14029094010951915,0.0,2621.0,2651.0,0.0,-4.440892098500626e-16,11108.376494222655,12921.088089542478,0,False,False
2024-12-31,11108.376494222653,-0.14029094010951915,0.0,2633.0,2621.0,0.0,-4.440892098500626e-16,11108.376494222655,12921.088089542478,0,False,False
2025-01-01,11108.376494222653,-0.14029094010951915,0.0,2629.0,2633.0,0.0,-4.440892098500626e-16,11108.376494222655,12921.088089542478,0,False,False
2025-01-02,11108.376494222653,-0.14029094010951915,0.0,2656.0,2631.0,0.0,-4.440892098500626e-16,11108.376494222655,12921.088089542478,0,False,False
2025-01-03,11108.376494222653,-0.14029094010951915,0.0,2648.0,2657.0,0.0,-4.440892098500626e-16,11108.376494222655,12921.088089542478,0,False,False
2025-01-04,11108.376494222653,-0.14029094010951915,0.0,2647.0,2649.0,0.0,-4.440892098500626e-16,11108.376494222655,12921.088089542478,0,False,False
2025-01-05,11108.376494222653,-0.14029094010951915,0.0,2645.0,2648.0,0.0,-4.440892098500626e-16,11108.376494222655,12921.088089542478,0,False,False
2025-01-06,11108.376494222653,-0.14029094010951915,0.0,2655.0,2646.0,0.0,-4.440892098500626e-16,11108.376494222655,12921.088089542478,0,False,False
2025-01-07,11108.376494222653,-0.14029094010951915,0.0,2652.0,2655.0,0.0,-4.440892098500626e-16,11108.376494222655,12921.088089542478,0,False,False
2025-01-08,11133.563471325533,-0.1383416478418451,8331.282370666991,2665.0,2653.0,0.75,3.1403250549065174,2764.5971999996636,12921.088089542478,0,False,False
2025-01-09,11149.265096600066,-0.13712645410849067,0.0,2670.0,2666.0,0.75,3.1403250549065174,2764.5971999996636,12921.088089542478,0,False,False
2025-01-10,11199.51029747857,-0.1332378341617565,0.0,2686.0,2672.0,0.75,3.1403250549065174,2764.5971999996636,12921.088089542478,0,False,False
2025-01-11,11234.053873082541,-0.13056440794837687,0.0,2697.0,2688.0,0.75,3.1403250549065174,2764.5971999996636,12921.088089542478,0,False,False
2025-01-12,11234.053873082541,-0.13056440794837687,0.0,2697.0,2698.0,0.75,3.1403250549065174,2764.5971999996636,12921.088089542478,0,False,False
2025-01-13,11149.265096600066,-0.13712645410849067,0.0,2670.0,2698.0,0.75,3.1403250549065174,2764.5971999996636,12921.088089542478,0,False,False
2025-01-14,11161.826396819692,-0.1361542991218072,0.0,2674.0,2670.0,0.75,3.1403250549065174,2764.5971999996636,12921.088089542478,0,False,False
2025-01-15,11221.492572862915,-0.13153656293506033,0.0,2693.0,2676.0,0.75,3.1403250549065174,2764.5971999996636,12921.088089542478,0,False,False
2025-01-16,11293.720049125764,-0.12594667176163,0.0,2716.0,2693.0,0.75,3.1403250549065174,2764.5971999996636,12921.088089542478,0,False,False
2025-01-17,11246.615173302167,-0.1295922529616933,0.0,2701.0,2717.0,0.75,3.1403250549065174,2764.5971999996636,12921.088089542478,0,False,False
2025-01-18,11230.913548027635,-0.13080744669504774,0.0,2696.0,2702.0,0.75,3.1403250549065174,2764.5971999996636,12921.088089542478,0,False,False
2025-01-19,11186.948997258944,-0.13420998914844007,0.0,2682.0,2696.0,0.75,3.1403250549065174,2764.5971999996636,12921.088089542478,0,False,False
2025-01-20,11246.615173302167,-0.1295922529616933,0.0,2701.0,2683.0,0.75,3.1403250549065174,2764.5971999996636,12921.088089542478,0,False,False
2025-01-21,11365.947525388614,-0.12035678058819965,0.0,2739.0,2701.0,0.75,3.1403250549065174,2764.5971999996636,12921.088089542478,0,False,False
2025-01-22,11413.052401212213,-0.11671119938813623,0.0,2754.0,2739.0,0.75,3.1403250549065174,2764.5971999996636,12921.088089542478,0,False,False
2025-01-23,11387.198207647105,-0.1187121294480461,2760.4565152268233,2749.0,2755.0,1.0,4.142305641195746,0.0,12921.088089542478,0,False,False
2025-01-24,11432.763569700259,-0.11518569562626668,0.0,2760.0,2749.0,1.0,4.142305641195746,0.0,12921.088089542478,0,False,False
2025-01-25,11470.04432047102,-0.11230043159026548,0.0,2769.0,2761.0,1.0,4.142305641195746,0.0,12921.088089542478,0,False,False
2025-01-26,11441.04818098265,-0.11454452584048858,0.0,2762.0,2769.0,1.0,4.142305641195746,0.0,12921.088089542478,0,False,False
2025-01-27,11358.202068158735,-0.1209562236982693,0.0,2742.0,2761.0,1.0,4.142305641195746,0.0,12921.088089542478,0,False,False
2025-01-28,11420.218079277693,-0.11615662704749263,-2840.5860934499833,2763.0,2743.0,0.75,3.106729230896809,2836.3252143098084,12921.088089542478,0,False,False
2025-01-29,11411.83823363924,-0.11680516729273982,2832.0770986618154,2762.0,2763.0,1.0,4.131729990455916,0.0,12921.088089542478,0,False,False
2025-01-30,11544.05359333383,-0.10657264207672523,0.0,2794.0,2762.0,1.0,4.131729990455916,0.0,12921.088089542478,0,False,False
2025-01-31,11589.502623228846,-0.10305521153372021,0.0,2805.0,2794.0,1.0,4.131729990455916,0.0,12921.088089542478,0,False,False
2025-02-01,11647.346843095229,-0.0985784817517138,0.0,2819.0,2805.0,1.0,4.131729990455916,0.0,12921.088089542478,0,False,False
2025-02-02,11643.215113104772,-0.09889824816471426,0.0,2818.0,2819.0,1.0,4.131729990455916,0.0,12921.088089542478,0,False,False
2025-02-03,11701.059332971156,-0.09442151838270785,0.0,2832.0,2816.0,1.0,4.131729990455916,0.0,12921.088089542478,0,False,False
2025-02-04,11791.957392761185,-0.08738665729669781,0.0,2854.0,2832.0,1.0,4.131729990455916,0.0,12921.088089542478,0,False,False
2025-02-05,12052.256382159909,-0.06724137327766899,0.0,2917.0,2854.0,1.0,4.131729990455916,0.0,12921.088089542478,0,False,False
2025-02-06,11891.118912532127,-0.07971226338468695,0.0,2878.0,2917.0,1.0,4.131729990455916,0.0,12921.088089542478,0,False,False
2025-02-07,11886.987182541672,-0.08003202979768731,0.0,2877.0,2879.0,1.0,4.131729990455916,0.0,12921.088089542478,0,False,False
2025-02-08,11886.987182541672,-0.08003202979768731,0.0,2877.0,2879.0,1.0,4.131729990455916,0.0,12921.088089542478,0,False,False
2025-02-09,11986.148702312614,-0.07235763588567634,0.0,2901.0,2878.0,1.0,4.131729990455916,0.0,12921.088089542478,0,False,False
2025-02-10,12110.10060202629,-0.0627646434956628,0.0,2931.0,2901.0,1.0,4.131729990455916,0.0,12921.088089542478,0,False,False
2025-02-11,12043.992922178997,-0.06788090610366992,0.0,2915.0,2932.0,1.0,4.131729990455916,0.0,12921.088089542478,0,False,False
2025-02-12,12089.441952074012,-0.0643634755606649,0.0,2926.0,2916.0,1.0,4.131729990455916,0.0,12921.088089542478,0,False,False
2025-02-13,12180.340011864042,-0.05732861447465487,0.0,2948.0,2926.0,1.0,4.131729990455916,0.0,12921.088089542478,0,False,False
2025-02-14,12035.729462198084,-0.06852043892967097,0.0,2913.0,2949.0,1.0,4.131729990455916,0.0,12921.088089542478,0,False,False
2025-02-15,12010.939082255349,-0.07043903740767365,0.0,2907.0,2913.0,1.0,4.131729990455916,0.0,12921.088089542478,0,False,False
2025-02-16,11982.016972322157,-0.07267740229867692,0.0,2900.0,2906.0,1.0,4.131729990455916,0.0,12921.088089542478,0,False,False
2025-02-17,12035.729462198084,-0.06852043892967097,0.0,2913.0,2901.0,1.0,4.131729990455916,0.0,12921.088089542478,0,False,False
2025-02-18,12180.340011864042,-0.05732861447465487,0.0,2948.0,2914.0,1.0,4.131729990455916,0.0,12921.088089542478,0,False,False
2025-02-19,12176.208281873585,-0.05764838088765545,0.0,2947.0,2948.0,1.0,4.131729990455916,0.0,12921.088089542478,0,False,False
2025-02-20,12200.99866181632,-0.05572978240965276,0.0,2953.0,2947.0,1.0,4.131729990455916,0.0,12921.088089542478,0,False,False
2025-02-21,12188.603471844954,-0.05668908164865405,0.0,2950.0,2953.0,1.0,4.131729990455916,0.0,12921.088089542478,0,False,False
2025-02-22,12209.262121797234,-0.05509024958365172,0.0,2955.0,2950.0,1.0,4.131729990455916,0.0,12921.088089542478,0,False,False
2025-02-23,12242.31596172088,-0.0525321182796481,0.0,2963.0,2954.0,1.0,4.131729990455916,0.0,12921.088089542478,0,False,False
2025-02-24,12345.609211482279,-0.044537957954636664,0.0,2988.0,2963.0,1.0,4.131729990455916,0.0,12921.088089542478,0,False,False
2025-02-25,12147.286171940394,-0.0598867457786586,0.0,2940.0,2988.0,1.0,4.131729990455916,0.0,12921.088089542478,0,False,False
2025-02-26,12122.495791997659,-0.06180534425666129,0.0,2934.0,2940.0,1.0,4.131729990455916,0.0,12921.088089542478,0,False,False
2025-02-27,11932.436212436687,-0.07651459925468229,0.0,2888.0,2935.0,1.0,4.131729990455916,0.0,12921.088089542478,0,False,False
2025-02-28,11820.879502694377,-0.08514829240569466,0.0,2861.0,2889.0,1.0,4.131729990455916,0.0,12921.088089542478,0,False,False
2025-03-01,11796.08912275164,-0.08706689088369746,0.0,2855.0,2862.0,1.0,4.131729990455916,0.0,12921.088089542478,0,False,False
2025-03-02,11882.855452551215,-0.08035179621068778,0.0,2876.0,2855.0,1.0,4.131729990455916,0.0,12921.088089542478,0,False,False
2025-03-03,11932.436212436687,-0.07651459925468229,0.0,2888.0,2876.0,1.0,4.131729990455916,0.0,12921.088089542478,0,False,False
2025-03-04,12097.705412054924,-0.06372394273466397,0.0,2928.0,2888.0,1.0,4.131729990455916,0.0,12921.088089542478,0,False,False
2025-03-05,12118.364062007202,-0.062125110669661865,0.0,2933.0,2929.0,1.0,4.131729990455916,0.0,12921.088089542478,0,False,False
2025-03-06,12085.310222083555,-0.06468324197366548,0.0,2925.0,2933.0,1.0,4.131729990455916,0.0,12921.088089542478,0,False,False
2025-03-07,12097.705412054924,-0.06372394273466397,0.0,2928.0,2926.0,1.0,4.131729990455916,0.0,12921.088089542478,0,False,False
2025-03-08,12130.75925197857,-0.061165811430660466,0.0,2936.0,2928.0,1.0,4.131729990455916,0.0,12921.088089542478,0,False,False
2025-03-09,12118.364062007202,-0.062125110669661865,0.0,2933.0,2937.0,1.0,4.131729990455916,0.0,12921.088089542478,0,False,False
2025-03-10,11961.358322369879,-0.07427623436367903,0.0,2895.0,2934.0,1.0,4.131729990455916,0.0,12921.088089542478,0,False,False
2025-03-11,12081.178492093099,-0.06500300838666595,0.0,2924.0,2894.0,1.0,4.131729990455916,0.0,12921.088089542478,0,False,False
2025-03-12,12172.07655188313,-0.0579681473006558,0.0,2946.0,2924.0,1.0,4.131729990455916,0.0,12921.088089542478,0,False,False
2025-03-13,12407.585161339117,-0.03974146175962989,0.0,3003.0,2947.0,1.0,4.131729990455916,0.0,12921.088089542478,0,False,False
2025-03-14,12378.663051405925,-0.041979826650633045,0.0,2996.0,3003.0,1.0,4.131729990455916,0.0,12921.088089542478,0,False,False
2025-03-15,12403.45343134866,-0.04006122817263036,0.0,3002.0,2996.0,1.0,4.131729990455916,0.0,12921.088089542478,0,False,False
2025-03-16,12399.321701358205,-0.040380994585630714,0.0,3001.0,3002.0,1.0,4.131729990455916,0.0,12921.088089542478,0,False,False
2025-03-17,12440.639001262763,-0.03718333045562627,0.0,3011.0,3002.0,1.0,4.131729990455916,0.0,12921.088089542478,0,False,False
2025-03-18,12672.015880728295,-0.019276411327600718,0.0,3067.0,3011.0,1.0,4.131729990455916,0.0,12921.088089542478,0,False,False
2025-03-19,12659.620690756929,-0.020235710566602005,0.0,3064.0,3067.0,1.0,4.131729990455916,0.0,12921.088089542478,0,False,False
2025-03-20,12630.698580823737,-0.022474075457605158,0.0,3057.0,3065.0,1.0,4.131729990455916,0.0,12921.088089542478,0,False,False
2025-03-21,12556.32744099553,-0.02822987089161344,0.0,3039.0,3059.0,1.0,4.131729990455916,0.0,12921.088089542478,0,False,False
2025-03-22,12601.776470890545,-0.024712440348608422,0.0,3050.0,3039.0,1.0,4.131729990455916,0.0,12921.088089542478,0,False,False
2025-03-23,12618.303390852368,-0.023433374696606557,0.0,3054.0,3051.0,1.0,4.131729990455916,0.0,12921.088089542478,0,False,False
2025-03-24,12473.692841186412,-0.03462519915162254,0.0,3019.0,3054.0,1.0,4.131729990455916,0.0,12921.088089542478,0,False,False
2025-03-25,12510.878411100515,-0.03174730143461846,0.0,3028.0,3019.0,1.0,4.131729990455916,0.0,12921.088089542478,0,False,False
2025-03-26,12490.219761148235,-0.03334613349962068,0.0,3023.0,3028.0,1.0,4.131729990455916,0.0,12921.088089542478,0,False,False
2025-03-27,12638.962040804648,-0.021834542631604226,0.0,3059.0,3024.0,1.0,4.131729990455916,0.0,12921.088089542478,0,False,False
2025-03-28,12779.44086048015,-0.010962484589588706,0.0,3093.0,3059.0,1.0,4.131729990455916,0.0,12921.088089542478,0,False,False
2025-03-29,12886.865840232003,-0.002648557851576916,0.0,3119.0,3092.0,1.0,4.131729990455916,0.0,12921.088089542478,0,False,False
2025-03-30,12845.548540327443,-0.005846221981581579,0.0,3109.0,3119.0,1.0,4.131729990455916,0.0,12921.088089542478,0,False,False
2025-03-31,13010.81773994568,0.0,0.0,3149.0,3110.0,1.0,4.131729990455916,0.0,12921.088089542478,0,False,False
2025-04-01,12940.57833010793,-0.005398539218799514,0.0,3132.0,3148.0,1.0,4.131729990455916,0.0,13010.81773994568,0,False,False
2025-04-02,13188.482129535285,0.0,0.0,3192.0,3132.0,1.0,4.131729990455916,0.0,13010.81773994568,0,False,False
2025-04-03,12919.91968015565,-0.02036340852130325,0.0,3127.0,3191.0,1.0,4.131729990455916,0.0,13188.482129535285,0,False,False
2025-04-04,12622.435120842825,-0.0429197994987468,0.0,3055.0,3127.0,1.0,4.131729990455916,0.0,13188.482129535285,0,False,False
2025-04-05,12676.147610718752,-0.03884711779448613,0.0,3068.0,3055.0,1.0,4.131729990455916,0.0,13188.482129535285,0,False,False
2025-04-06,12411.716891329574,-0.05889724310776934,0.0,3004.0,3068.0,1.0,4.131729990455916,0.0,13188.482129535285,0,False,False
2025-04-07,12415.848621320029,-0.058583959899749405,0.0,3005.0,3003.0,1.0,4.131729990455916,0.0,13188.482129535285,0,False,False
2025-04-08,12399.321701358205,-0.05983709273182958,0.0,3001.0,3005.0,1.0,4.131729990455916,0.0,13188.482129535285,0,False,False
2025-04-09,12804.231240422885,-0.02913533834586468,0.0,3099.0,3000.0,1.0,4.131729990455916,0.0,13188.482129535285,0,False,False
2025-04-10,13287.643649306227,0.0,0.0,3216.0,3100.0,1.0,4.131729990455916,0.0,13188.482129535285,0,False,False
2025-04-11,13490.098418838566,0.0,0.0,3265.0,3215.0,1.0,4.131729990455916,0.0,13287.643649306227,0,False,False
2025-04-12,13395.068629058082,-0.007044410413476143,0.0,3242.0,3265.0,1.0,4.131729990455916,0.0,13490.098418838566,0,False,False
2025-04-13,13415.72727901036,-0.005513016845329233,0.0,3247.0,3243.0,1.0,4.131729990455916,0.0,13490.098418838566,0,False,False
2025-04-14,13378.541709096256,-0.008269525267993849,0.0,3238.0,3248.0,1.0,4.131729990455916,0.0,13490.098418838566,0,False,False
2025-04-15,13494.230148829023,0.0,0.0,3266.0,3237.0,1.0,4.131729990455916,0.0,13490.098418838566,0,False,False
2025-04-16,13956.983907760086,0.0,0.0,3378.0,3267.0,1.0,4.131729990455916,0.0,13494.230148829023,0,False,False
2025-04-17,13828.900278055951,-0.009177027827116713,0.0,3347.0,3377.0,1.0,4.131729990455916,0.0,13956.983907760086,0,False,False
2025-04-18,13853.690657998688,-0.007400828892835998,0.0,3353.0,3346.0,1.0,4.131729990455916,0.0,13956.983907760086,0,False,False
2025-04-19,13833.032008046408,-0.008880994671403242,0.0,3348.0,3353.0,1.0,4.131729990455916,0.0,13956.983907760086,0,False,False
2025-04-20,13923.930067836438,-0.002368265245707546,0.0,3370.0,3348.0,1.0,4.131729990455916,0.0,13956.983907760086,0,False,False
2025-04-21,14304.049226958383,0.0,0.0,3462.0,3370.0,1.0,4.131729990455916,0.0,13956.983907760086,0,False,False
2025-04-22,13837.163738036865,-0.03264009243212018,0.0,3349.0,3463.0,1.0,4.131729990455916,0.0,14304.049226958383,0,False,False
2025-04-23,13779.319518170481,-0.036683997689197057,0.0,3335.0,3349.0,1.0,4.131729990455916,0.0,14304.049226958383,0,False,False
2025-04-24,13903.271417884158,-0.028018486424032374,0.0,3365.0,3335.0,1.0,4.131729990455916,0.0,14304.049226958383,0,False,False
2025-04-25,13688.421458380451,-0.04303870595031778,0.0,3313.0,3365.0,1.0,4.131729990455916,0.0,14304.049226958383,0,False,False
2025-04-26,13684.289728389995,-0.0433275563258233,0.0,3312.0,3313.0,1.0,4.131729990455916,0.0,14304.049226958383,0,False,False
2025-04-27,13667.762808428171,-0.04448295782784517,0.0,3308.0,3313.0,1.0,4.131729990455916,0.0,14304.049226958383,0,False,False
2025-04-28,13795.846438132305,-0.03552859618717508,0.0,3339.0,3309.0,1.0,4.131729990455916,0.0,14304.049226958383,0,False,False
2025-04-29,13704.948378342275,-0.0418833044482958,0.0,3317.0,3338.0,1.0,4.131729990455916,0.0,14304.049226958383,0,False,False
2025-04-30,13560.337828676318,-0.051993067590987874,0.0,3282.0,3317.0,1.0,4.131729990455916,0.0,14304.049226958383,0,False,False
2025-05-01,13428.122468981728,-0.06123627960716349,0.0,3250.0,3283.0,1.0,4.131729990455916,0.0,14304.049226958383,0,False,False
2025-05-02,13440.517658953097,-0.060369728480647034,0.0,3253.0,3250.0,1.0,4.131729990455916,0.0,14304.049226958383,0,False,False
2025-05-03,13461.176308905375,-0.05892547660311964,0.0,3258.0,3253.0,1.0,4.131729990455916,0.0,14304.049226958383,0,False,False
2025-05-04,13481.834958857655,-0.05748122472559214,0.0,3263.0,3258.0,1.0,4.131729990455916,0.0,14304.049226958383,0,False,False
2025-05-05,13833.032008046408,-0.032928942807625705,0.0,3348.0,3263.0,1.0,4.131729990455916,0.0,14304.049226958383,0,False,False
2025-05-06,14085.06753746422,-0.015309069901790817,0.0,3409.0,3347.0,1.0,4.131729990455916,0.0,14304.049226958383,0,False,False
2025-05-07,13977.642557712365,-0.02281917966493363,0.0,3383.0,3409.0,1.0,4.131729990455916,0.0,14304.049226958383,0,False,False
2025-05-08,13725.607028294555,-0.0404390525707683,0.0,3322.0,3383.0,1.0,4.131729990455916,0.0,14304.049226958383,0,False,False
2025-05-09,13779.319518170481,-0.036683997689197057,0.0,3335.0,3322.0,1.0,4.131729990455916,0.0,14304.049226958383,0,False,False
2025-05-10,13746.265678246833,-0.038994800693241016,0.0,3327.0,3335.0,1.0,4.131729990455916,0.0,14304.049226958383,0,False,False
2025-05-11,13609.918588561788,-0.048526863084922045,0.0,3294.0,3327.0,1.0,4.131729990455916,0.0,14304.049226958383,0,False,False
2025-05-12,13407.463819029448,-0.062680531484691,0.0,3245.0,3295.0,1.0,4.131729990455916,0.0,14304.049226958383,0,False,False
2025-05-13,13473.571498876743,-0.058058925476603185,0.0,3261.0,3246.0,1.0,4.131729990455916,0.0,14304.049226958383,0,False,False
2025-05-14,13205.009049497108,-0.07683419988445994,0.0,3196.0,3261.0,1.0,4.131729990455916,0.0,14304.049226958383,0,False,False
2025-05-15,13411.595549019905,-0.06239168110918547,0.0,3246.0,3197.0,1.0,4.131729990455916,0.0,14304.049226958383,0,False,False
2025-05-16,13308.302299258507,-0.06961294049682265,0.0,3221.0,3247.0,1.0,4.131729990455916,0.0,14304.049226958383,0,False,False
2025-05-17,13327.55616101403,-0.06826689774696715,0.0,3225.66,3221.01,1.0,4.131729990455916,0.0,14304.049226958383,0,False,False
2025-05-18,13411.55423172,-0.06239456961294054,0.0,3245.99,3225.66,1.0,4.131729990455916,0.0,14304.049226958383,0,False,False
2025-05-19,13370.112979915728,-0.06529173887926054,0.0,3235.96,3246.0,1.0,4.131729990455916,0.0,14304.049226958383,0,False,False
2025-05-20,13647.186793075702,-0.04592143269786253,0.0,3303.02,3235.73,1.0,4.131729990455916,0.0,14304.049226958383,0,False,False
2025-05-21,13727.548941390067,-0.04030329289428092,0.0,3322.47,3303.02,1.0,4.131729990455916,0.0,14304.049226958383,0,False,False
2025-05-22,13670.985557820728,-0.044257654534950897,0.0,3308.78,3322.48,1.0,4.131729990455916,0.0,14304.049226958383,0,False,False
2025-05-23,13885.918151924245,-0.029231658001155347,0.0,3360.8,3309.27,1.0,4.131729990455916,0.0,14304.049226958383,0,False,False
2025-05-24,13889.099584016896,-0.029009243212016145,0.0,3361.57,3360.97,1.0,4.131729990455916,0.0,14304.049226958383,0,False,False
2025-05-25,13831.544585249843,-0.03303292894280774,0.0,3347.64,3361.57,1.0,4.131729990455916,0.0,14304.049226958383,0,False,False
2025-05-26,13872.613981354976,-0.030161756210283053,0.0,3357.58,3347.65,1.0,4.131729990455916,0.0,14304.049226958383,0,False,False
2025-05-27,13722.632182701427,-0.04064702484113225,0.0,3321.28,3357.58,1.0,4.131729990455916,0.0,14304.049226958383,0,False,False
2025-05-28,13535.630083333392,-0.053720392836510644,0.0,3276.02,3321.79,1.0,4.131729990455916,0.0,14304.049226958383,0,False,False
2025-05-29,13743.993226752082,-0.03915366839976908,0.0,3326.45,3275.74,1.0,4.131729990455916,0.0,14304.049226958383,0,False,False
2025-05-30,13644.00536098305,-0.04614384748700173,0.0,3302.25,3326.45,1.0,4.131729990455916,0.0,14304.049226958383,0,False,False
2025-05-31,13620.330548137737,-0.04779896013864826,0.0,3296.52,3302.28,1.0,4.131729990455916,0.0,14304.049226958383,0,False,False
2025-06-01,13715.566924417746,-0.04114095898324677,0.0,3319.57,3296.52,1.0,4.131729990455916,0.0,14304.049226958383,0,False,False
2025-06-02,14035.40414297894,-0.01878105141536679,0.0,3396.98,3319.71,1.0,4.131729990455916,0.0,14304.049226958383,0,False,False
2025-06-03,13921.574981741878,-0.02673887926054308,0.0,3369.43,3396.99,1.0,4.131729990455916,0.0,14304.049226958383,0,False,False
2025-06-04,14011.522743634103,-0.020450606585788678,0.0,3391.2,3369.43,1.0,4.131729990455916,0.0,14304.049226958383,0,False,False
2025-06-05,13971.651549226204,-0.0232380127094165,0.0,3381.55,3391.22,1.0,4.131729990455916,0.0,14304.049226958383,0,False,False
2025-06-06,13774.69198058117,-0.03700751010976322,0.0,3333.88,3381.55,1.0,4.131729990455916,0.0,14304.049226958383,0,False,False
2025-06-07,13768.577020195296,-0.037435008665511194,0.0,3332.4,3333.89,1.0,4.131729990455916,0.0,14304.049226958383,0,False,False
2025-06-08,13803.076965615603,-0.035023108030040495,0.0,3340.75,3332.4,1.0,4.131729990455916,0.0,14304.049226958383,0,False,False
2025-06-09,13826.6278265612,-0.03337666088965929,0.0,3346.45,3340.76,1.0,4.131729990455916,0.0,14304.049226958383,0,False,False
2025-06-10,13800.721879521043,-0.03518775274407859,0.0,3340.18,3346.45,1.0,4.131729990455916,0.0,14304.049226958383,0,False,False
2025-06-11,13962.768329746725,-0.02385904101675329,0.0,3379.4,3340.33,1.0,4.131729990455916,0.0,14304.049226958383,0,False,False
2025-06-12,14082.671134069755,-0.015476603119584098,0.0,3408.42,3379.4,1.0,4.131729990455916,0.0,14304.049226958383,0,False,False
2025-06-13,14303.966592358573,-5.777007510143761e-06,0.0,3461.98,3408.42,1.0,4.131729990455916,0.0,14304.049226958383,0,False,False
2025-06-14,14409.821514714053,0.0,0.0,3487.6,3461.98,1.0,4.131729990455916,0.0,14304.049226958383,0,False,False
2025-06-15,14365.901224915508,-0.003047941277669386,0.0,3476.97,3487.6,1.0,4.131729990455916,0.0,14409.821514714053,0,False,False
2025-06-16,14181.791336540791,-0.015824635852735414,0.0,3432.41,3476.94,1.0,4.131729990455916,0.0,14409.821514714053,0,False,False
2025-06-17,14104.693254918884,-0.021175020071109052,0.0,3413.75,3432.4,1.0,4.131729990455916,0.0,14409.821514714053,0,False,False
2025-06-18,14028.87600959402,-0.026436517949305904,0.0,3395.4,3413.76,1.0,4.131729990455916,0.0,14409.821514714053,0,False,False
2025-06-19,14005.738321647466,-0.028042206675077286,0.0,3389.8,3395.4,1.0,4.131729990455916,0.0,14409.821514714053,0,False,False
2025-06-20,14025.942481300795,-0.02664009634132336,0.0,3394.69,3389.8,1.0,4.131729990455916,0.0,14409.821514714053,0,False,False
2025-06-21,14030.69397078982,-0.0263103566922811,0.0,3395.84,3394.69,1.0,4.131729990455916,0.0,14409.821514714053,0,False,False
2025-06-22,14056.145427531028,-0.024544099093932625,0.0,3402.0,3395.83,1.0,4.131729990455916,0.0,14409.821514714053,0,False,False
2025-06-23,13918.724088048462,-0.034080743204495945,0.0,3368.74,3401.99,1.0,4.131729990455916,0.0,14409.821514714053,0,False,False
2025-06-24,13819.149395278475,-0.04099093932790454,0.0,3344.64,3368.74,1.0,4.131729990455916,0.0,14409.821514714053,0,False,False
2025-06-25,13853.649340698783,-0.038596742745727664,0.0,3352.99,3344.6,1.0,4.131729990455916,0.0,14409.821514714053,0,False,False
2025-06-26,13770.932106289854,-0.04433707994036018,0.0,3332.97,3352.99,1.0,4.131729990455916,0.0,14409.821514714053,0,False,False
2025-06-27,13618.80180804127,-0.054894483312306286,0.0,3296.15,3333.0,1.0,4.131729990455916,0.0,14409.821514714053,0,False,False
2025-06-28,13591.656342003973,-0.056778300263791714,0.0,3289.58,3296.2,1.0,4.131729990455916,0.0,14409.821514714053,0,False,False
2025-06-29,13539.720496023943,-0.06038249799288897,0.0,3277.01,3289.58,1.0,4.131729990455916,0.0,14409.821514714053,0,False,False
2025-06-30,13519.369659955953,-0.061794787246243654,-13539.679178724038,3319.99,3277.0,0.0,0.0,13519.369659955953,14409.821514714053,0,False,False
2025-07-01,13519.369659955953,-0.061794787246243654,0.0,3346.83,3319.99,0.0,0.0,13519.369659955953,14409.821514714053,0,False,False
2025-07-02,13519.369659955953,-0.061794787246243654,0.0,3351.67,3346.83,0.0,0.0,13519.369659955953,14409.821514714053,0,False,False
2025-07-03,13434.11563409386,-0.06771117044190222,13499.120978488221,3335.52,3351.66,1.0,4.027592589489453,0.0,14409.821514714053,0,False,False
2025-07-04,13413.924245130716,-0.06911239452663676,-13434.075358167967,3342.65,3335.51,0.0,0.0,13413.924245130716,14409.821514714053,0,False,False
2025-07-05,13396.998985879352,-0.07028695864140266,13393.833494888384,3343.44,3342.65,1.0,4.00695062147948,0.0,14409.821514714053,0,False,False
2025-07-06,13362.218654484912,-0.07270061320047716,0.0,3334.76,3343.46,1.0,4.00695062147948,0.0,14409.821514714053,0,False,False
2025-07-07,13366.826647699612,-0.07238083177848009,0.0,3335.91,3334.77,1.0,4.00695062147948,0.0,14409.821514714053,0,False,False
2025-07-08,13259.800996599895,-0.07980810289286766,0.0,3309.2,3335.9,1.0,4.00695062147948,0.0,14409.821514714053,0,False,False
2025-07-09,13242.071802810591,-0.08103845774293994,-13261.964749935494,3318.48,3309.74,0.0,0.0,13242.071802810591,14409.821514714053,0,False,False
2025-07-10,13242.071802810591,-0.08103845774293994,0.0,3322.24,3318.48,0.0,0.0,13242.071802810591,14409.821514714053,0,False,False
2025-07-11,13242.071802810591,-0.08103845774293994,0.0,3348.49,3322.25,0.0,0.0,13242.071802810591,14409.821514714053,0,False,False
2025-07-12,13242.071802810591,-0.08103845774293994,0.0,3351.45,3348.49,0.0,0.0,13242.071802810591,14409.821514714053,0,False,False
2025-07-13,13242.071802810591,-0.08103845774293994,0.0,3354.18,3351.51,0.0,0.0,13242.071802810591,14409.821514714053,0,False,False
2025-07-14,13202.685976816014,-0.08377172032737656,13222.238445142875,3349.21,3354.17,1.0,3.9420299046091505,0.0,14409.821514714053,0,False,False
2025-07-15,13160.506256836696,-0.086698871086062,0.0,3338.51,3349.22,1.0,3.9420299046091505,0.0,14409.821514714053,0,False,False
2025-07-16,13211.358442606152,-0.08316987624615169,0.0,3351.41,3338.52,1.0,3.9420299046091505,0.0,14409.821514714053,0,False,False
2025-07-17,13169.021041430651,-0.08610796962449563,0.0,3340.67,3351.6,1.0,3.9420299046091505,0.0,14409.821514714053,0,False,False
2025-07-18,13197.285395846699,-0.08414650505068488,0.0,3347.84,3340.68,1.0,3.9420299046091505,0.0,14409.821514714053,0,False,False
2025-07-19,13234.576998744302,-0.0815585755014171,0.0,3357.3,3347.84,1.0,3.9420299046091505,0.0,14409.821514714053,0,False,False
2025-07-20,13212.225689185167,-0.08310969183802908,0.0,3351.63,3357.31,1.0,3.9420299046091505,0.0,14409.821514714053,0,False,False
2025-07-21,13384.76833810991,-0.07113573027656506,0.0,3395.4,3351.63,1.0,3.9420299046091505,0.0,14409.821514714053,0,False,False
2025-07-22,13500.624597006372,-0.06309564048238125,0.0,3424.79,3395.4,1.0,3.9420299046091505,0.0,14409.821514714053,0,False,False
2025-07-23,13378.421669963489,-0.07157617071782518,0.0,3393.79,3424.79,1.0,3.9420299046091505,0.0,14409.821514714053,0,False,False
2025-07-24,13307.268030185292,-0.07651402783878547,0.0,3375.74,3393.79,1.0,3.9420299046091505,0.0,14409.821514714053,0,False,False
2025-07-25,13200.636121265616,-0.0839139743829389,0.0,3348.69,3375.62,1.0,3.9420299046091505,0.0,14409.821514714053,0,False,False
2025-07-26,13223.342213516164,-0.0823382371520952,0.0,3354.45,3348.69,1.0,3.9420299046091505,0.0,14409.821514714053,0,False,False
2025-07-27,13187.863944374682,-0.08480032657528858,0.0,3345.45,3354.45,1.0,3.9420299046091505,0.0,14409.821514714053,0,False,False
2025-07-28,13089.8650809461,-0.09160116469313162,0.0,3320.59,3345.46,1.0,3.9420299046091505,0.0,14409.821514714053,0,False,False
2025-07-29,13147.182195759116,-0.08762352244721694,0.0,3335.13,3320.34,1.0,3.9420299046091505,0.0,14409.821514714053,0,False,False
2025-07-30,13004.796075604634,-0.09750470799896649,0.0,3299.01,3335.29,1.0,3.9420299046091505,0.0,14409.821514714053,0,False,False
2025-07-31,12985.288881491228,-0.09885845093696799,-13004.796075604634,3294.12,3299.01,0.0,0.0,12985.288881491228,14409.821514714053,0,False,False
2025-08-01,12985.288881491228,-0.09885845093696799,0.0,3364.79,3294.12,0.0,0.0,12985.288881491228,14409.821514714053,0,False,False
2025-08-02,12985.288881491228,-0.09885845093696799,0.0,3362.05,3364.8,0.0,0.0,12985.288881491228,14409.821514714053,0,False,False
2025-08-03,12985.288881491228,-0.09885845093696799,0.0,3365.68,3362.05,0.0,0.0,12985.288881491228,14409.821514714053,0,False,False
2025-08-04,13011.72169562086,-0.09702408996985667,12965.840121309264,3377.6,3365.69,1.0,3.8523572050038073,0.0,14409.821514714053,0,False,False
2025-08-05,13037.609536038486,-0.09522754860456695,0.0,3384.32,3377.6,1.0,3.8523572050038073,0.0,14409.821514714053,0,False,False
2025-08-06,12986.257614495784,-0.0987912236639884,0.0,3370.99,3384.32,1.0,3.8523572050038073,0.0,14409.821514714053,0,False,False
2025-08-07,13072.82008089222,-0.0927840384738009,0.0,3393.46,3371.15,1.0,3.8523572050038073,0.0,14409.821514714053,0,False,False
2025-08-08,13043.11840684164,-0.09484524887951273,0.0,3385.75,3393.46,1.0,3.8523572050038073,0.0,14409.821514714053,0,False,False
2025-08-09,13034.912885994981,-0.09541468833011801,0.0,3383.62,3385.76,1.0,3.8523572050038073,0.0,14409.821514714053,0,False,False
2025-08-10,13030.675293069478,-0.09570876504169812,0.0,3382.52,3383.62,1.0,3.8523572050038073,0.0,14409.821514714053,0,False,False
2025-08-11,12888.870024353288,-0.10554964118103072,0.0,3345.71,3382.53,1.0,3.8523572050038073,0.0,14409.821514714053,0,False,False
2025-08-12,12870.571327629521,-0.10681951789012678,0.0,3340.96,3345.71,1.0,3.8523572050038073,0.0,14409.821514714053,0,False,False
2025-08-13,12920.459353434318,-0.10335743296743316,0.0,3353.91,3340.96,1.0,3.8523572050038073,0.0,14409.821514714053,0,False,False
2025-08-14,12827.078214785028,-0.10983781432079953,0.0,3329.67,3353.91,1.0,3.8523572050038073,0.0,14409.821514714053,0,False,False
2025-08-15,12829.54372339623,-0.10966671514315296,0.0,3330.31,3329.67,1.0,3.8523572050038073,0.0,14409.821514714053,0,False,False
2025-08-16,12810.260942024444,-0.11100488448495194,-12829.50519982418,3329.49,3330.3,0.0,0.0,12810.260942024444,14409.821514714053,0,False,False
2025-08-17,12810.260942024444,-0.11100488448495194,0.0,3323.69,3329.57,0.0,0.0,12810.260942024444,14409.821514714053,0,False,False
2025-08-18,12810.260942024444,-0.11100488448495194,0.0,3330.97,3323.7,0.0,0.0,12810.260942024444,14409.821514714053,0,False,False
2025-08-19,12810.260942024444,-0.11100488448495194,0.0,3312.7,3330.96,0.0,0.0,12810.260942024444,14409.821514714053,0,False,False
2025-08-20,12810.260942024444,-0.11100488448495194,0.0,3339.92,3312.71,0.0,0.0,12810.260942024444,14409.821514714053,0,False,False
2025-08-21,12810.260942024444,-0.11100488448495194,0.0,3331.5,3339.92,0.0,0.0,12810.260942024444,14409.821514714053,0,False,False
2025-08-22,12810.260942024444,-0.11100488448495194,0.0,3364.74,3331.5,0.0,0.0,12810.260942024444,14409.821514714053,0,False,False
2025-08-23,12810.260942024444,-0.11100488448495194,0.0,3360.64,3364.74,0.0,0.0,12810.260942024444,14409.821514714053,0,False,False
2025-08-24,12810.260942024444,-0.11100488448495194,0.0,3360.81,3360.65,0.0,0.0,12810.260942024444,14409.821514714053,0,False,False
2025-08-25,12810.260942024444,-0.11100488448495194,0.0,3343.11,3360.81,0.0,0.0,12810.260942024444,14409.821514714053,0,False,False
2025-08-26,12810.260942024444,-0.11100488448495194,0.0,3378.0,3343.04,0.0,0.0,12810.260942024444,14409.821514714053,0,False,False
2025-08-27,12828.25856674114,-0.10975590130370161,12791.07433052865,3387.82,3378.0,1.0,3.786582099031572,0.0,14409.821514714053,0,False,False
2025-08-28,12934.207133872043,-0.10240337670631383,0.0,3415.8,3387.82,1.0,3.786582099031572,0.0,14409.821514714053,0,False,False
2025-08-29,13108.541373711458,-0.09030508390918246,0.0,3461.84,3415.81,1.0,3.786582099031572,0.0,14409.821514714053,0,False,False
2025-08-30,13111.873565958604,-0.09007383939003666,0.0,3462.72,3461.83,1.0,3.786582099031572,0.0,14409.821514714053,0,False,False
2025-08-31,13103.088695488852,-0.09068348403142112,0.0,3460.4,3462.72,1.0,3.786582099031572,0.0,14409.821514714053,0,False,False
2025-09-01,13265.116543506412,-0.0794392192879535,0.0,3503.19,3460.41,1.0,3.786582099031572,0.0,14409.821514714053,0,False,False
2025-09-02,13435.361274678873,-0.06762472658250107,0.0,3548.15,3502.92,1.0,3.786582099031572,0.0,14409.821514714053,0,False,False
2025-09-03,13536.993138216878,-0.06057176874855241,0.0,3574.99,3548.15,1.0,3.786582099031572,0.0,14409.821514714053,0,False,False
2025-09-04,13476.786482842277,-0.06474993676493779,0.0,3559.09,3574.99,1.0,3.786582099031572,0.0,14409.821514714053,0,False,False
2025-09-05,13607.612894363818,-0.05567096160983598,0.0,3593.64,3559.1,1.0,3.786582099031572,0.0,14409.821514714053,0,False,False
2025-09-06,13730.14669108848,-0.04716746997397214,0.0,3626.0,3593.65,1.0,3.786582099031572,0.0,14409.821514714053,0,False,False
2025-09-07,13640.669756088364,-0.05337691086876395,0.0,3602.37,3626.0,1.0,3.786582099031572,0.0,14409.821514714053,0,False,False
2025-09-08,13786.188106154148,-0.04327835760651888,0.0,3640.8,3602.37,1.0,3.786582099031572,0.0,14409.821514714053,0,False,False
2025-09-09,13794.9729766239,-0.042668712965134414,0.0,3643.12,3640.8,1.0,3.786582099031572,0.0,14409.821514714053,0,False,False
2025-09-10,13791.716516018734,-0.042894701927026935,0.0,3642.26,3643.12,1.0,3.786582099031572,0.0,14409.821514714053,0,False,False
2025-09-11,13753.244841892572,-0.04556452501171104,0.0,3632.1,3642.26,1.0,3.786582099031572,0.0,14409.821514714053,0,False,False
2025-09-12,13790.694138851994,-0.04296565194994684,0.0,3641.99,3632.1,1.0,3.786582099031572,0.0,14409.821514714053,0,False,False
2025-09-13,13778.312015388161,-0.043824935560863754,0.0,3638.72,3641.99,1.0,3.786582099031572,0.0,14409.821514714053,0,False,False
2025-09-14,13800.349923204525,-0.04229556840014903,0.0,3644.54,3638.68,1.0,3.786582099031572,0.0,14409.821514714053,0,False,False
2025-09-15,13949.351928801418,-0.0319552595042516,0.0,3683.89,3644.54,1.0,3.786582099031572,0.0,14409.821514714053,0,False,False
2025-09-16,14029.438140195934,-0.02639750770887095,0.0,3705.04,3683.88,1.0,3.786582099031572,0.0,14409.821514714053,0,False,False
2025-09-17,13903.799346150068,-0.03511647719212063,0.0,3671.86,3705.05,1.0,3.786582099031572,0.0,14409.821514714053,0,False,False
2025-09-18,13803.000530673846,-0.04211162389628309,0.0,3645.24,3671.86,1.0,3.786582099031572,0.0,14409.821514714053,0,False,False
2025-09-19,13973.093798562344,-0.030307642305337446,0.0,3690.16,3645.24,1.0,3.786582099031572,0.0,14409.821514714053,0,False,False
2025-09-20,13957.530946135326,-0.03138765932089349,0.0,3686.05,3690.16,1.0,3.786582099031572,0.0,14409.821514714053,0,False,False
2025-09-21,13978.660074247922,-0.029921358847218582,0.0,3691.63,3686.05,1.0,3.786582099031572,0.0,14409.821514714053,0,False,False
2025-09-22,14228.877419351928,-0.012556997682265592,0.0,3757.71,3691.59,1.0,3.786582099031572,0.0,14409.821514714053,0,False,False
2025-09-23,14291.810413837833,-0.008189629604760662,0.0,3774.33,3757.74,1.0,3.786582099031572,0.0,14409.821514714053,0,False,False
2025-09-24,14218.161392011669,-0.013300659033609663,0.0,3754.88,3774.34,1.0,3.786582099031572,0.0,14409.821514714053,0,False,False
2025-09-25,14212.140726474208,-0.013718475835248212,0.0,3753.29,3754.88,1.0,3.786582099031572,0.0,14409.821514714053,0,False,False
2025-09-26,14286.73639382513,-0.008541751940732922,0.0,3772.99,3753.29,1.0,3.786582099031572,0.0,14409.821514714053,0,False,False
2025-09-27,14293.8930339923,-0.008045101780294495,0.0,3774.88,3773.0,1.0,3.786582099031572,0.0,14409.821514714053,0,False,False
2025-09-28,14298.058274301235,-0.007756046131362271,0.0,3775.98,3774.88,1.0,3.786582099031572,0.0,14409.821514714053,0,False,False
2025-09-29,14569.366881696847,0.0,0.0,3847.63,3775.99,1.0,3.786582099031572,0.0,14409.821514714053,0,False,False
2025-09-30,14675.883436142605,0.0,0.0,3875.76,3847.63,1.0,3.786582099031572,0.0,14569.366881696847,0,False,False
2025-10-01,14654.110589073174,-0.0014835799946332218,0.0,3870.01,3875.75,1.0,3.786582099031572,0.0,14675.883436142605,0,False,False
2025-10-02,14636.540848133667,-0.00268076454682431,0.0,3865.37,3870.49,1.0,3.786582099031572,0.0,14675.883436142605,0,False,False
2025-10-03,14705.418776515051,0.0,0.0,3883.56,3865.38,1.0,3.786582099031572,0.0,14675.883436142605,0,False,False
2025-10-04,14770.964512649287,0.0,0.0,3900.87,3883.57,1.0,3.786582099031572,0.0,14705.418776515051,0,False,False
2025-10-05,14821.439652029378,0.0,0.0,3914.2,3900.88,1.0,3.786582099031572,0.0,14770.964512649287,0,False,False
2025-10-06,15082.751682683547,0.0,0.0,3983.21,3914.21,1.0,3.786582099031572,0.0,14821.439652029378,0,False,False
2025-10-07,15149.660588373436,0.0,0.0,4000.88,3983.22,1.0,3.786582099031572,0.0,15082.751682683547,0,False,False
2025-10-08,15268.294205536095,0.0,0.0,4032.21,4000.87,1.0,3.786582099031572,0.0,15149.660588373436,0,False,False
2025-10-09,15147.350773293027,-0.0079212144208759,0.0,4000.27,4032.22,1.0,3.786582099031572,0.0,15268.294205536095,0,False,False
2025-10-10,15081.994366263742,-0.012201745444805678,0.0,3983.01,4000.28,1.0,3.786582099031572,0.0,15268.294205536095,0,False,False
2025-10-11,15116.603726648891,-0.009934998425181085,0.0,3992.15,3983.0,1.0,3.786582099031572,0.0,15268.294205536095,0,False,False
2025-10-12,15284.765837666882,0.0,0.0,4036.56,3992.14,1.0,3.786582099031572,0.0,15268.294205536095,0,False,False
2025-10-13,15682.849213738069,0.0,0.0,4141.69,4036.57,1.0,3.786582099031572,0.0,15284.765837666882,0,False,False
2025-10-14,15815.455318846158,0.0,0.0,4176.71,4141.69,1.0,3.786582099031572,0.0,15682.849213738069,0,False,False
2025-10-15,16049.125300177395,0.0,0.0,4238.42,4176.7,1.0,3.786582099031572,0.0,15815.455318846158,0,False,False
2025-10-16,16800.118127878326,0.0,0.0,4436.75,4238.42,1.0,3.786582099031572,0.0,16049.125300177395,0,False,False
2025-10-17,16051.056457047902,-0.04458669070828869,0.0,4238.93,4436.74,1.0,3.786582099031572,0.0,16800.118127878326,0,False,False
2025-10-18,16065.748395592145,-0.04371217670592198,0.0,4242.81,4238.93,1.0,3.786582099031572,0.0,16800.118127878326,0,False,False
2025-10-19,16064.423091857483,-0.04379106327830051,0.0,4242.46,4242.81,1.0,3.786582099031572,0.0,16800.118127878326,0,False,False
2025-10-20,16524.985072562693,-0.016376852425762034,0.0,4364.09,4242.34,1.0,3.786582099031572,0.0,16800.118127878326,0,False,False
2025-10-21,15518.587282282084,-0.07628106158787384,0.0,4098.31,4363.81,1.0,3.786582099031572,0.0,16800.118127878326,0,False,False
2025-10-22,15493.860901175407,-0.07775285963824863,0.0,4091.78,4098.82,1.0,3.786582099031572,0.0,16800.118127878326,0,False,False
2025-10-23,15591.100329478537,-0.07196483912773977,0.0,4117.46,4092.05,1.0,3.786582099031572,0.0,16800.118127878326,0,False,False
2025-10-24,15564.859315532247,-0.07352679326083278,0.0,4110.53,4117.92,1.0,3.786582099031572,0.0,16800.118127878326,0,False,False
2025-10-25,15564.101999112441,-0.0735718713021919,0.0,4110.33,4110.54,1.0,3.786582099031572,0.0,16800.118127878326,0,False,False
2025-10-26,15373.371858784221,-0.08492477601848192,0.0,4059.96,4110.32,1.0,3.786582099031572,0.0,16800.118127878326,0,False,False
2025-10-27,15116.79305575384,-0.10019721643094615,0.0,3992.2,4059.95,1.0,3.786582099031572,0.0,16800.118127878326,0,False,False
2025-10-28,15026.52093851293,-0.10557051896095104,0.0,3968.36,3992.19,1.0,3.786582099031572,0.0,16800.118127878326,0,False,False
2025-10-29,14980.589697651676,-0.1083045021693807,0.0,3956.23,3968.42,1.0,3.786582099031572,0.0,16800.118127878326,0,False,False
2025-10-30,15276.018833018119,-0.09071955823519462,0.0,4034.25,3955.76,1.0,3.786582099031572,0.0,16800.118127878326,0,False,False
2025-10-31,15146.934249262133,-0.09840311038485372,0.0,4000.16,4034.26,1.0,3.786582099031572,0.0,16800.118127878326,0,False,False
2025-11-01,15178.173551579142,-0.09654364117879077,0.0,4008.41,4000.16,1.0,3.786582099031572,0.0,16800.118127878326,0,False,False
2025-11-02,15066.999501151577,-0.10316109765030701,0.0,3979.05,4008.42,1.0,3.786582099031572,0.0,16800.118127878326,0,False,False
2025-11-03,15116.073605155027,-0.10024004057023717,0.0,3992.01,3979.05,1.0,3.786582099031572,0.0,16800.118127878326,0,False,False
2025-11-04,14878.162651872872,-0.11440130726319941,0.0,3929.18,3992.02,1.0,3.786582099031572,0.0,16800.118127878326,0,False,False
2025-11-05,15039.319586007654,-0.1048087000619824,0.0,3971.74,3929.45,1.0,3.786582099031572,0.0,16800.118127878326,0,False,False
2025-11-06,15094.300758085596,-0.10153603425931135,0.0,3986.26,3971.75,1.0,3.786582099031572,0.0,16800.118127878326,0,False,False
2025-11-07,15116.073605155027,-0.10024004057023717,0.0,3992.01,3986.26,1.0,3.786582099031572,0.0,16800.118127878326,0,False,False
2025-11-08,15106.039162592593,-0.10083732461824524,0.0,3989.36,3992.02,1.0,3.786582099031572,0.0,16800.118127878326,0,False,False
2025-11-09,15164.087466170746,-0.09738209274807008,0.0,4004.69,3989.36,1.0,3.786582099031572,0.0,16800.118127878326,0,False,False
2025-11-10,15580.535765422239,-0.07259367780469927,0.0,4114.67,4004.79,1.0,3.786582099031572,0.0,16800.118127878326,0,False,False
2025-11-11,15630.973038981338,-0.06959148025018314,0.0,4127.99,4114.68,1.0,3.786582099031572,0.0,16800.118127878326,0,False,False
2025-11-12,15820.945862889752,-0.058283653575252115,0.0,4178.16,4128.04,1.0,3.786582099031572,0.0,16800.118127878326,0,False,False
2025-11-13,15812.577516450892,-0.05878176593227025,0.0,4175.95,4178.16,1.0,3.786582099031572,0.0,16800.118127878326,0,False,False
2025-11-14,15429.299676386918,-0.08159576266411217,0.0,4074.73,4175.95,1.0,3.786582099031572,0.0,16800.118127878326,0,False,False
2025-11-15,15502.077784330304,-0.07726376288950243,0.0,4093.95,4074.72,1.0,3.786582099031572,0.0,16800.118127878326,0,False,False
2025-11-16,15490.225782360336,-0.07796923423677238,0.0,4090.82,4093.96,1.0,3.786582099031572,0.0,16800.118127878326,0,False,False
2025-11-17,15254.662509979582,-0.09199075900152132,0.0,4028.61,4091.3,1.0,3.786582099031572,0.0,16800.118127878326,0,False,False
2025-11-18,15407.602560959467,-0.0828872485490505,0.0,4069.0,4028.61,1.0,3.786582099031572,0.0,16800.118127878326,0,False,False
2025-11-19,15513.36179898542,-0.07659210007325168,0.0,4096.93,4069.0,1.0,3.786582099031572,0.0,16800.118127878326,0,False,False
2025-11-20,15429.82979788078,-0.08156420803516085,0.0,4074.87,4097.12,1.0,3.786582099031572,0.0,16800.118127878326,0,False,False
2025-11-21,15395.93988809445,-0.08358145038598064,0.0,4065.92,4074.87,1.0,3.786582099031572,0.0,16800.118127878326,0,False,False
2025-11-22,15366.177352796061,-0.08535301741139345,0.0,4058.06,4065.92,1.0,3.786582099031572,0.0,16800.118127878326,0,False,False
2025-11-23,15395.068974211672,-0.08363329013354359,0.0,4065.69,4058.41,1.0,3.786582099031572,0.0,16800.118127878326,0,False,False
2025-11-24,15690.081585547223,-0.066073139122105,0.0,4143.6,4065.7,1.0,3.786582099031572,0.0,16800.118127878326,0,False,False
2025-11-25,15633.093524956797,-0.0694652617343775,0.0,4128.55,4143.83,1.0,3.786582099031572,0.0,16800.118127878326,0,False,False
2025-11-26,15771.909624707294,-0.061202456753253975,0.0,4165.21,4128.56,1.0,3.786582099031572,0.0,16800.118127878326,0,False,False
2025-11-27,15754.60494451472,-0.06223248999830955,0.0,4160.64,4165.21,1.0,3.786582099031572,0.0,16800.118127878326,0,False,False
2025-11-28,16027.920440422817,-0.04596382487180939,0.0,4232.82,4160.99,1.0,3.786582099031572,0.0,16800.118127878326,0,False,False
2025-11-29,16085.893012358993,-0.042513100805769866,0.0,4248.13,4232.83,1.0,3.786582099031572,0.0,16800.118127878326,0,False,False
2025-11-30,16049.201031819373,-0.04469713190961866,0.0,4238.44,4248.13,1.0,3.786582099031572,0.0,16800.118127878326,0,False,False
2025-12-01,16069.762172617116,-0.04347326308671884,0.0,4243.87,4238.09,1.0,3.786582099031572,0.0,16800.118127878326,0,False,False
2025-12-02,15952.113066800208,-0.050476136811855365,0.0,4212.8,4243.88,1.0,3.786582099031572,0.0,16800.118127878326,0,False,False
2025-12-03,15959.989157566193,-0.050007325181720685,0.0,4214.88,4212.79,1.0,3.786582099031572,0.0,16800.118127878326,0,False,False
2025-12-04,15954.953003374481,-0.050307094156758714,0.0,4213.55,4214.87,1.0,3.786582099031572,0.0,16800.118127878326,0,False,False
2025-12-05,15941.207710354996,-0.051125260607426504,0.0,4209.92,4213.81,1.0,3.786582099031572,0.0,16800.118127878326,0,False,False
2025-12-06,15954.953003374481,-0.050307094156758714,0.0,4213.55,4209.93,1.0,3.786582099031572,0.0,16800.118127878326,0,False,False
2025-12-07,15954.157821133684,-0.05035442610018592,0.0,4213.34,4213.56,1.0,3.786582099031572,0.0,16800.118127878326,0,False,False
2025-12-08,15919.169802538632,-0.05243703161097646,0.0,4204.1,4213.34,1.0,3.786582099031572,0.0,16800.118127878326,0,False,False
2025-12-09,15962.829094140467,-0.049838282526624145,0.0,4215.63,4204.09,1.0,3.786582099031572,0.0,16800.118127878326,0,False,False
2025-12-10,16052.495358245535,-0.04450104242970632,0.0,4239.31,4215.63,1.0,3.786582099031572,0.0,16800.118127878326,0,False,False
2025-12-11,16226.905329726927,-0.03411956950470496,0.0,4285.37,4239.3,1.0,3.786582099031572,0.0,16800.118127878326,0,False,False
2025-12-12,16315.662814128229,-0.02883642305741807,0.0,4308.81,4285.38,1.0,3.786582099031572,0.0,16800.118127878326,0,False,False
2025-12-13,16345.8797392785,-0.0270378092071899,0.0,4316.79,4308.8,1.0,3.786582099031572,0.0,16800.118127878326,0,False,False
2025-12-14,16344.970959574732,-0.027091902856820838,0.0,4316.55,4316.8,1.0,3.786582099031572,0.0,16800.118127878326,0,False,False
2025-12-15,16340.995048370749,-0.027328562573956106,0.0,4315.5,4316.32,1.0,3.786582099031572,0.0,16800.118127878326,0,False,False
2025-12-16,16366.024356045345,-0.025838733307037898,0.0,4322.11,4315.54,1.0,3.786582099031572,0.0,16800.118127878326,0,False,False
2025-12-17,16502.90929892534,-0.017690877331379862,0.0,4358.26,4322.11,1.0,3.786582099031572,0.0,16800.118127878326,0,False,False
2025-12-18,16464.77841718809,-0.019960556713810917,0.0,4348.19,4358.26,1.0,3.786582099031572,0.0,16800.118127878326,0,False,False
2025-12-19,16476.63041915806,-0.019255085366540747,0.0,4351.32,4348.25,1.0,3.786582099031572,0.0,16800.118127878326,0,False,False
2025-12-20,16479.432489911345,-0.019088296613511968,0.0,4352.06,4351.32,1.0,3.786582099031572,0.0,16800.118127878326,0,False,False
2025-12-21,16536.950671995633,-0.015664619372288136,0.0,4367.25,4352.07,1.0,3.786582099031572,0.0,16800.118127878326,0,False,False
2025-12-22,16982.744982514618,0.0,0.0,4484.98,4367.35,1.0,3.786582099031572,0.0,16800.118127878326,0,False,False
2025-12-23,17157.041356533042,0.0,0.0,4531.01,4484.98,1.0,3.786582099031572,0.0,16982.744982514618,0,False,False
2025-12-24,17027.653846209134,-0.007541364949536611,0.0,4496.84,4531.01,1.0,3.786582099031572,0.0,17157.041356533042,0,False,False
2025-12-25,17100.39408833153,-0.0033016921172100977,0.0,4516.05,4496.84,1.0,3.786582099031572,0.0,17157.041356533042,0,False,False
2025-12-26,17256.742063200545,0.0,0.0,4557.34,4516.09,1.0,3.786582099031572,0.0,17157.041356533042,0,False,False
2025-12-27,17310.32219990184,0.0,0.0,4571.49,4557.33,1.0,3.786582099031572,0.0,17256.742063200545,0,False,False
2025-12-28,17227.206722828098,-0.004801497979870839,0.0,4549.54,4571.74,1.0,3.786582099031572,0.0,17310.32219990184,0,False,False
2025-12-29,16525.93171808745,-0.045313453600467235,0.0,4364.34,4549.75,1.0,3.786582099031572,0.0,17310.32219990184,0,False,False
2025-12-30,16511.54270611113,-0.04614469243069541,0.0,4360.54,4364.34,1.0,3.786582099031572,0.0,17310.32219990184,0,False,False
2025-12-31,16422.368697678936,-0.051296185707504494,0.0,4336.99,4360.55,1.0,3.786582099031572,0.0,17310.32219990184,0,False,False
2026-01-01,16520.213979117914,-0.0456437616619525,0.0,4362.83,4337.0,1.0,3.786582099031572,0.0,17310.32219990184,0,False,False
2026-01-02,16436.9849045812,-0.05045182205364096,0.0,4340.85,4362.84,1.0,3.786582099031572,0.0,17310.32219990184,0,False,False
2026-01-03,16493.556441140732,-0.04718374096848055,0.0,4355.79,4340.85,1.0,3.786582099031572,0.0,17310.32219990184,0,False,False
2026-01-04,16602.079884098974,-0.04091445021207529,0.0,4384.45,4355.8,1.0,3.786582099031572,0.0,17310.32219990184,0,False,False
2026-01-05,16833.0613921399,-0.027570879516306324,0.0,4445.45,4384.25,1.0,3.786582099031572,0.0,17310.32219990184,0,False,False
2026-01-06,17076.727950212582,-0.013494506167573306,0.0,4509.8,4445.45,1.0,3.786582099031572,0.0,17310.32219990184,0,False,False
2026-01-07,16956.201042000408,-0.020457225106037535,0.0,4477.97,4509.79,1.0,3.786582099031572,0.0,17310.32219990184,0,False,False
2026-01-08,16972.18041845832,-0.019534112510363077,0.0,4482.19,4477.97,1.0,3.786582099031572,0.0,17310.32219990184,0,False,False
2026-01-09,17071.61606437889,-0.01378981469936491,0.0,4508.45,4482.2,1.0,3.786582099031572,0.0,17310.32219990184,0,False,False
2026-01-10,17128.301198401394,-0.010515171202386764,0.0,4523.42,4508.46,1.0,3.786582099031572,0.0,17310.32219990184,0,False,False
2026-01-11,17207.327166808183,-0.005949920047949142,0.0,4544.29,4523.43,1.0,3.786582099031572,0.0,17310.32219990184,0,False,False
2026-01-12,17476.250227481407,0.0,0.0,4615.31,4544.35,1.0,3.786582099031572,0.0,17310.32219990184,0,False,False
2026-01-13,17437.096968577418,-0.002240369552641286,0.0,4604.97,4615.3,1.0,3.786582099031572,0.0,17476.250227481407,0,False,False
2026-01-14,17525.854452978718,0.0,0.0,4628.41,4604.97,1.0,3.786582099031572,0.0,17476.250227481407,0,False,False
2026-01-15,17509.117760101,-0.0009549715777124046,0.0,4623.99,4628.41,1.0,3.786582099031572,0.0,17525.854452978718,0,False,False
2026-01-16,17430.205389157178,-0.005457597749551235,0.0,4603.15,4623.98,1.0,3.786582099031572,0.0,17525.854452978718,0,False,False
2026-01-17,17461.4068256532,-0.0036772887449468827,0.0,4611.39,4603.16,1.0,3.786582099031572,0.0,17525.854452978718,0,False,False
2026-01-18,17742.409083222334,0.0,0.0,4685.6,4611.4,1.0,3.786582099031572,0.0,17525.854452978718,0,False,False
2026-01-19,17736.236954400913,-0.00034787433839844617,0.0,4683.97,4685.55,1.0,3.786582099031572,0.0,17742.409083222334,0,False,False
2026-01-20,18200.964175415058,0.0,0.0,4806.7,4683.97,1.0,3.786582099031572,0.0,17742.409083222334,0,False,False
2026-01-21,18175.7834044565,-0.0013834855514177624,0.0,4800.05,4806.79,1.0,3.786582099031572,0.0,18200.964175415058,0,False,False
2026-01-22,18857.103121535245,0.0,0.0,4979.98,4800.05,1.0,3.786582099031572,0.0,18200.964175415058,0,False,False
2026-01-23,18960.590410301782,0.0,0.0,5007.31,4980.0,1.0,3.786582099031572,0.0,18857.103121535245,0,False,False
2026-01-24,19197.55471805918,0.0,0.0,5069.89,5007.31,1.0,3.786582099031572,0.0,18960.590410301782,0,False,False
2026-01-25,19199.29654582473,0.0,0.0,5070.35,5069.89,1.0,3.786582099031572,0.0,19197.55471805918,0,False,False
2026-01-26,19152.68372018565,-0.0024278402871596994,0.0,5058.04,5070.35,1.0,3.786582099031572,0.0,19199.29654582473,0,False,False
2026-01-27,19663.682974449963,0.0,0.0,5192.99,5058.04,1.0,3.786582099031572,0.0,19199.29654582473,0,False,False
2026-01-28,20983.155372678502,0.0,0.0,5541.45,5193.0,1.0,3.786582099031572,0.0,19663.682974449963,0,False,False
2026-01-29,20748.72807492746,-0.01117216612980343,0.0,5479.54,5541.46,1.0,3.786582099031572,0.0,20983.155372678502,0,False,False
2026-01-30,18646.834217576023,-0.11134269911304806,0.0,4924.45,5479.54,1.0,3.786582099031572,0.0,20983.155372678502,0,False,False
2026-01-31,18326.602969460924,-0.1266040476770519,0.0,4839.88,4924.45,1.0,3.786582099031572,0.0,20983.155372678502,0,False,False
2026-02-01,18076.972714978463,-0.13850074529229706,-4581.650742365231,4754.4,4839.88,0.75,2.839936574273679,4574.778266251684,20983.155372678502,0,False,False
2026-02-02,18190.45658048644,-0.13309241353797274,0.0,4794.36,4754.64,0.75,2.839936574273679,4574.778266251684,20983.155372678502,0,False,False
2026-02-03,18668.957493885813,-0.1102883640563388,0.0,4962.85,4794.37,0.75,2.839936574273679,4574.778266251684,20983.155372678502,0,False,False
2026-02-04,18917.988812730266,-0.0984202100813314,4567.926376686653,5030.9,4962.86,1.0,3.7603587454988707,0.0,20983.155372678502,0,False,False
2026-02-05,17673.61089666978,-0.1577238702772975,0.0,4699.98,5030.99,1.0,3.7603587454988707,0.0,20983.155372678502,0,False,False
2026-02-06,18350.296896123204,-0.1254748597050117,-4418.393323270582,4942.27,4699.97,0.75,2.8202690591241533,4411.765733285676,20983.155372678502,0,False,False
2026-02-07,18492.3256459407,-0.11870615655741812,0.0,4992.63,4942.28,0.75,2.8202690591241533,4411.765733285676,20983.155372678502,0,False,False
2026-02-08,18673.847076730286,-0.11005533986347416,4405.157996291239,5043.44,4992.63,1.0,3.702601215981609,0.0,20983.155372678502,0,False,False
2026-02-09,18649.44693471697,-0.11121818413450724,0.0,5036.85,5043.41,1.0,3.702601215981609,0.0,20983.155372678502,0,False,False
2026-02-10,18677.03131377603,-0.10990358780382481,0.0,5044.3,5036.99,1.0,3.702601215981609,0.0,20983.155372678502,0,False,False
2026-02-11,18783.370020699025,-0.10483577483507311,0.0,5073.02,5044.3,1.0,3.702601215981609,0.0,20983.155372678502,0,False,False
2026-02-12,18246.49284438169,-0.13042187791546989,0.0,4928.02,5073.1,1.0,3.702601215981609,0.0,20983.155372678502,0,False,False
2026-02-13,18565.22013448631,-0.11523220389153244,-4561.623211095422,5045.26,4928.02,0.75,2.776950911986207,4554.78077627878,20983.155372678502,0,False,False
2026-02-14,18479.732902320407,-0.11930629239955592,4547.9588380217465,5023.84,5045.12,1.0,3.6784079314469427,0.0,20983.155372678502,0,False,False
2026-02-15,18483.63201472774,-0.11912047132841197,0.0,5024.9,5023.84,1.0,3.6784079314469427,0.0,20983.155372678502,0,False,False
2026-02-16,18386.853102051373,-0.12373269055652569,0.0,4998.59,5024.86,1.0,3.6784079314469427,0.0,20983.155372678502,0,False,False
2026-02-17,18016.135885864485,-0.14140006277021988,-4596.722471532672,4866.71,4998.6,0.75,2.758805948585207,4589.827387825373,20983.155372678502,0,False,False
2026-02-18,18328.57065954176,-0.12651027293031392,0.0,4979.96,4866.71,0.75,2.758805948585207,4589.827387825373,20983.155372678502,0,False,False
2026-02-19,18377.53946512915,-0.12417655310993125,0.0,4997.71,4979.96,0.75,2.758805948585207,4589.827387825373,20983.155372678502,0,False,False
2026-02-20,18704.099325263178,-0.1086136001443716,0.0,5116.08,4997.7,0.75,2.758805948585207,4589.827387825373,20983.155372678502,0,False,False
2026-02-21,18791.513570418705,-0.10444767544892053,4582.952958387791,5141.88,5116.08,1.0,3.654599790430485,0.0,20983.155372678502,0,False,False
2026-02-22,18955.276187027892,-0.09664319544099875,0.0,5186.69,5141.88,1.0,3.654599790430485,0.0,20983.155372678502,0,False,False
2026-02-23,19204.22752475202,-0.08477885314821465,0.0,5254.81,5186.49,1.0,3.654599790430485,0.0,20983.155372678502,0,False,False
2026-02-24,18875.64245759441,-0.10043832196125357,0.0,5164.9,5254.8,1.0,3.654599790430485,0.0,20983.155372678502,0,False,False
2026-02-25,18913.686841412797,-0.09862523031022752,0.0,5175.31,5164.91,1.0,3.654599790430485,0.0,20983.155372678502,0,False,False
2026-02-26,18986.596107231882,-0.0951505733997603,0.0,5195.26,5175.74,1.0,3.654599790430485,0.0,20983.155372678502,0,False,False
2026-02-27,19335.24492723895,-0.07853492080534485,0.0,5290.66,5195.26,1.0,3.654599790430485,0.0,20983.155372678502,0,False,False
2026-02-28,19624.39686265781,-0.06475472758448375,0.0,5369.78,5290.66,1.0,3.654599790430485,0.0,20983.155372678502,0,False,False
2026-03-01,19868.049030685812,-0.05314292927767361,0.0,5436.45,5369.79,1.0,3.654599790430485,0.0,20983.155372678502,0,False,False
2026-03-02,19588.691422705306,-0.06645635154514862,0.0,5360.01,5436.6,1.0,3.654599790430485,0.0,20983.155372678502,0,False,False
2026-03-03,18793.96215227829,-0.10433098271057417,0.0,5142.55,5360.44,1.0,3.654599790430485,0.0,20983.155372678502,0,False,False
2026-03-04,18927.172314639483,-0.09798254940799078,0.0,5179.0,5143.32,1.0,3.654599790430485,0.0,20983.155372678502,0,False,False
2026-03-05,18633.890681457437,-0.11195955276964531,0.0,5098.75,5179.0,1.0,3.654599790430485,0.0,20983.155372678502,0,False,False
2026-03-06,18939.780683916466,-0.0973816688896394,0.0,5182.45,5098.74,1.0,3.654599790430485,0.0,20983.155372678502,0,False,False
2026-03-07,18902.869226033123,-0.09914076837814645,0.0,5172.35,5182.44,1.0,3.654599790430485,0.0,20983.155372678502,0,False,False
2026-03-08,18584.699768278242,-0.11430385763254713,0.0,5085.29,5172.34,1.0,3.654599790430485,0.0,20983.155372678502,0,False,False
2026-03-09,18798.53040201633,-0.10411327237783796,0.0,5143.8,5085.01,1.0,3.654599790430485,0.0,20983.155372678502,0,False,False
2026-03-10,18996.134612684906,-0.09469599422500741,0.0,5197.87,5143.8,1.0,3.654599790430485,0.0,20983.155372678502,0,False,False
2026-03-11,18773.094387474936,-0.1053254835105123,0.0,5136.84,5197.87,1.0,3.654599790430485,0.0,20983.155372678502,0,False,False
2026-03-12,18674.93183710397,-0.11000364314034472,0.0,5109.98,5137.28,1.0,3.654599790430485,0.0,20983.155372678502,0,False,False
2026-03-13,18378.361064110537,-0.12413739794156908,0.0,5028.83,5109.97,1.0,3.654599790430485,0.0,20983.155372678502,0,False,False
2026-03-14,18348.911161505064,-0.12554090004039165,-4594.590266027633,5020.6,5028.83,0.75,2.740949842822864,4587.6983806285925,20983.155372678502,0,False,False
2026-03-15,18263.914306879127,-0.12959161849127854,0.0,4989.59,5020.6,0.75,2.740949842822864,4587.6983806285925,20983.155372678502,0,False,False
2026-03-16,18295.29818257945,-0.12809594850538197,0.0,5001.04,4989.59,0.75,2.740949842822864,4587.6983806285925,20983.155372678502,0,False,False
2026-03-17,18272.98685085887,-0.1291592457704649,0.0,4992.9,5001.04,0.75,2.740949842822864,4587.6983806285925,20983.155372678502,0,False,False
2026-03-18,17823.854809613917,-0.15056365484374246,0.0,4829.04,4992.9,0.75,2.740949842822864,4587.6983806285925,20983.155372678502,0,False,False
2026-03-19,17803.97320658626,-0.15151115786102198,-13236.129019486894,4652.38,4829.03,0.0,0.0,17803.97320658626,20983.155372678502,0,False,False
2026-03-20,17803.97320658626,-0.15151115786102198,0.0,4509.76,4652.39,0.0,0.0,17803.97320658626,20983.155372678502,0,False,False
2026-03-21,17803.97320658626,-0.15151115786102198,0.0,4503.29,4509.76,0.0,0.0,17803.97320658626,20983.155372678502,0,False,False
2026-03-22,17803.97320658626,-0.15151115786102198,0.0,4474.61,4503.3,0.0,0.0,17803.97320658626,20983.155372678502,0,False,False
2026-03-23,17803.97320658626,-0.15151115786102198,0.0,4447.45,4474.96,0.0,0.0,17803.97320658626,20983.155372678502,0,False,False
2026-03-24,17803.97320658626,-0.15151115786102198,0.0,4549.65,4447.5,0.0,0.0,17803.97320658626,20983.155372678502,0,False,False
2026-03-25,17803.97320658626,-0.15151115786102198,0.0,4502.38,4549.7,0.0,0.0,17803.97320658626,20983.155372678502,0,False,False
2026-03-26,17803.97320658626,-0.15151115786102198,0.0,4411.6,4502.38,0.0,0.0,17803.97320658626,20983.155372678502,0,False,False
2026-03-27,17803.97320658626,-0.15151115786102198,0.0,4501.27,4411.61,0.0,0.0,17803.97320658626,20983.155372678502,0,False,False
2026-03-28,17803.97320658626,-0.15151115786102198,0.0,4501.78,4501.27,0.0,0.0,17803.97320658626,20983.155372678502,0,False,False
2026-03-29,17803.97320658626,-0.15151115786102198,0.0,4454.73,4501.78,0.0,0.0,17803.97320658626,20983.155372678502,0,False,False
2026-03-30,17803.97320658626,-0.15151115786102198,0.0,4512.8,4454.94,0.0,0.0,17803.97320658626,20983.155372678502,0,False,False
2026-03-31,17803.97320658626,-0.15151115786102198,0.0,4687.74,4512.79,0.0,0.0,17803.97320658626,20983.155372678502,0,False,False
2026-04-01,17803.97320658626,-0.15151115786102198,0.0,4768.56,4687.56,0.0,0.0,17803.97320658626,20983.155372678502,0,False,False
2026-04-02,17803.97320658626,-0.15151115786102198,0.0,4668.14,4768.56,0.0,0.0,17803.97320658626,20983.155372678502,0,False,False
2026-04-03,17803.97320658626,-0.15151115786102198,0.0,4648.94,4668.15,0.0,0.0,17803.97320658626,20983.155372678502,0,False,False
2026-04-04,17803.97320658626,-0.15151115786102198,0.0,4648.59,4648.91,0.0,0.0,17803.97320658626,20983.155372678502,0,False,False
2026-04-05,17803.97320658626,-0.15151115786102198,0.0,4598.82,4648.6,0.0,0.0,17803.97320658626,20983.155372678502,0,False,False
2026-04-06,17803.97320658626,-0.15151115786102198,0.0,4644.39,4599.39,0.0,0.0,17803.97320658626,20983.155372678502,0,False,False
2026-04-07,17803.97320658626,-0.15151115786102198,0.0,4809.74,4643.8,0.0,0.0,17803.97320658626,20983.155372678502,0,False,False
2026-04-08,17803.97320658626,-0.15151115786102198,0.0,4702.52,4809.75,0.0,0.0,17803.97320658626,20983.155372678502,0,False,False
2026-04-09,17803.97320658626,-0.15151115786102198,0.0,4747.51,4702.53,0.0,0.0,17803.97320658626,20983.155372678502,0,False,False
2026-04-10,17803.97320658626,-0.15151115786102198,0.0,4734.0,4748.04,0.0,0.0,17803.97320658626,20983.155372678502,0,False,False
2026-04-11,17803.97320658626,-0.15151115786102198,0.0,4731.88,4734.0,0.0,0.0,17803.97320658626,20983.155372678502,0,False,False
2026-04-12,17803.97320658626,-0.15151115786102198,0.0,4655.92,4731.88,0.0,0.0,17803.97320658626,20983.155372678502,0,False,False
2026-04-13,17803.97320658626,-0.15151115786102198,0.0,4741.09,4656.0,0.0,0.0,17803.97320658626,20983.155372678502,0,False,False
2026-04-14,17803.97320658626,-0.15151115786102198,0.0,4827.05,4741.09,0.0,0.0,17803.97320658626,20983.155372678502,0,False,False
2026-04-15,17803.97320658626,-0.15151115786102198,0.0,4810.84,4827.31,0.0,0.0,17803.97320658626,20983.155372678502,0,False,False
2026-04-16,17803.97320658626,-0.15151115786102198,0.0,4775.61,4810.85,0.0,0.0,17803.97320658626,20983.155372678502,0,False,False
2026-04-17,17803.97320658626,-0.15151115786102198,0.0,4820.59,4775.4,0.0,0.0,17803.97320658626,20983.155372678502,0,False,False
2026-04-18,17803.97320658626,-0.15151115786102198,0.0,4775.26,4820.58,0.0,0.0,17803.97320658626,20983.155372678502,0,False,False
2026-04-19,17803.97320658626,-0.15151115786102198,0.0,4740.0,4775.26,0.0,0.0,17803.97320658626,20983.155372678502,0,False,False
2026-04-20,17803.97320658626,-0.15151115786102198,0.0,4806.48,4739.99,0.0,0.0,17803.97320658626,20983.155372678502,0,False,False
2026-04-21,17803.97320658626,-0.15151115786102198,0.0,4728.0,4806.48,0.0,0.0,17803.97320658626,20983.155372678502,0,False,False
2026-04-22,17803.97320658626,-0.15151115786102198,0.0,4713.8,4728.6,0.0,0.0,17803.97320658626,20983.155372678502,0,False,False
2026-04-23,17803.97320658626,-0.15151115786102198,0.0,4684.89,4713.8,0.0,0.0,17803.97320658626,20983.155372678502,0,False,False
2026-04-24,17803.97320658626,-0.15151115786102198,0.0,4696.12,4685.1,0.0,0.0,17803.97320658626,20983.155372678502,0,False,False
2026-04-25,17803.97320658626,-0.15151115786102198,0.0,4689.63,4696.13,0.0,0.0,17803.97320658626,20983.155372678502,0,False,False
2026-04-26,17803.97320658626,-0.15151115786102198,0.0,4673.25,4689.62,0.0,0.0,17803.97320658626,20983.155372678502,0,False,False
2026-04-27,17803.97320658626,-0.15151115786102198,0.0,4683.83,4673.24,0.0,0.0,17803.97320658626,20983.155372678502,0,False,False
2026-04-28,17803.97320658626,-0.15151115786102198,0.0,4589.54,4683.64,0.0,0.0,17803.97320658626,20983.155372678502,0,False,False
2026-04-29,17803.97320658626,-0.15151115786102198,0.0,4555.97,4589.53,0.0,0.0,17803.97320658626,20983.155372678502,0,False,False
2026-04-30,17803.97320658626,-0.15151115786102198,0.0,4618.2,4556.01,0.0,0.0,17803.97320658626,20983.155372678502,0,False,False
2026-05-01,17803.97320658626,-0.15151115786102198,0.0,4603.82,4618.0,0.0,0.0,17803.97320658626,20983.155372678502,0,False,False
2026-05-02,17803.97320658626,-0.15151115786102198,0.0,4597.94,4603.83,0.0,0.0,17803.97320658626,20983.155372678502,0,False,False
2026-05-03,17803.97320658626,-0.15151115786102198,0.0,4605.79,4597.94,0.0,0.0,17803.97320658626,20983.155372678502,0,False,False
2026-05-04,17803.97320658626,-0.15151115786102198,0.0,4516.67,4605.79,0.0,0.0,17803.97320658626,20983.155372678502,0,False,False
2026-05-05,17803.97320658626,-0.15151115786102198,0.0,4584.31,4516.68,0.0,0.0,17803.97320658626,20983.155372678502,0,False,False
2026-05-06,17803.97320658626,-0.15151115786102198,0.0,4687.19,4584.31,0.0,0.0,17803.97320658626,20983.155372678502,0,False,False
2026-05-07,17803.97320658626,-0.15151115786102198,0.0,4696.64,4687.2,0.0,0.0,17803.97320658626,20983.155372678502,0,False,False
2026-05-08,17803.97320658626,-0.15151115786102198,0.0,4706.72,4697.0,0.0,0.0,17803.97320658626,20983.155372678502,0,False,False
2026-05-09,17803.97320658626,-0.15151115786102198,0.0,4712.54,4706.72,0.0,0.0,17803.97320658626,20983.155372678502,0,False,False
2026-05-10,17803.97320658626,-0.15151115786102198,0.0,4686.76,4712.54,0.0,0.0,17803.97320658626,20983.155372678502,0,False,False
2026-05-11,17803.97320658626,-0.15151115786102198,0.0,4757.62,4687.19,0.0,0.0,17803.97320658626,20983.155372678502,0,False,False
2026-05-12,17803.97320658626,-0.15151115786102198,0.0,4712.4,4757.58,0.0,0.0,17803.97320658626,20983.155372678502,0,False,False
2026-05-13,17803.97320658626,-0.15151115786102198,0.0,4689.0,4712.18,0.0,0.0,17803.97320658626,20983.155372678502,0,False,False
2026-05-14,17803.97320658626,-0.15151115786102198,0.0,4650.74,4689.19,0.0,0.0,17803.97320658626,20983.155372678502,0,False,False
2026-05-15,17803.97320658626,-0.15151115786102198,0.0,4543.1,4650.41,0.0,0.0,17803.97320658626,20983.155372678502,0,False,False
2026-05-16,17803.97320658626,-0.15151115786102198,0.0,4537.0,4543.11,0.0,0.0,17803.97320658626,20983.155372678502,0,False,False
2026-05-17,17803.97320658626,-0.15151115786102198,0.0,4535.6,4537.01,0.0,0.0,17803.97320658626,20983.155372678502,0,False,False
2026-05-18,17803.97320658626,-0.15151115786102198,0.0,4577.41,4535.6,0.0,0.0,17803.97320658626,20983.155372678502,0,False,False
2026-05-19,17803.97320658626,-0.15151115786102198,0.0,4491.76,4577.42,0.0,0.0,17803.97320658626,20983.155372678502,0,False,False
2026-05-20,17803.97320658626,-0.15151115786102198,0.0,4541.5,4491.75,0.0,0.0,17803.97320658626,20983.155372678502,0,False,False
2026-05-21,17803.97320658626,-0.15151115786102198,0.0,4529.71,4541.75,0.0,0.0,17803.97320658626,20983.155372678502,0,False,False
2026-05-22,17803.97320658626,-0.15151115786102198,0.0,4499.27,4529.72,0.0,0.0,17803.97320658626,20983.155372678502,0,False,False
2026-05-23,17803.97320658626,-0.15151115786102198,0.0,4528.07,4499.28,0.0,0.0,17803.97320658626,20983.155372678502,0,False,False
2026-05-24,17803.97320658626,-0.15151115786102198,0.0,4561.78,4528.07,0.0,0.0,17803.97320658626,20983.155372678502,0,False,False
2026-05-25,17803.97320658626,-0.15151115786102198,0.0,4551.68,4561.79,0.0,0.0,17803.97320658626,20983.155372678502,0,False,False
2026-05-26,17803.97320658626,-0.15151115786102198,0.0,4520.62,4551.4,0.0,0.0,17803.97320658626,20983.155372678502,0,False,False
2026-05-27,17803.97320658626,-0.15151115786102198,0.0,4448.64,4520.36,0.0,0.0,17803.97320658626,20983.155372678502,0,False,False
2026-05-28,17803.97320658626,-0.15151115786102198,0.0,4487.89,4448.63,0.0,0.0,17803.97320658626,20983.155372678502,0,False,False
2026-05-29,17803.97320658626,-0.15151115786102198,0.0,4534.99,4487.6,0.0,0.0,17803.97320658626,20983.155372678502,0,False,False
2026-05-30,17803.97320658626,-0.15151115786102198,0.0,4523.42,4535.0,0.0,0.0,17803.97320658626,20983.155372678502,0,False,False
2026-05-31,17803.97320658626,-0.15151115786102198,0.0,4535.0,4523.43,0.0,0.0,17803.97320658626,20983.155372678502,0,False,False
2026-06-01,17803.97320658626,-0.15151115786102198,0.0,4482.21,4534.99,0.0,0.0,17803.97320658626,20983.155372678502,0,False,False
2026-06-02,17803.97320658626,-0.15151115786102198,0.0,4470.86,4481.76,0.0,0.0,17803.97320658626,20983.155372678502,0,False,False
2026-06-03,17803.97320658626,-0.15151115786102198,0.0,4452.41,4471.04,0.0,0.0,17803.97320658626,20983.155372678502,0,False,False
2026-06-04,17803.97320658626,-0.15151115786102198,0.0,4456.21,4452.45,0.0,0.0,17803.97320658626,20983.155372678502,0,False,False
2026-06-05,17803.97320658626,-0.15151115786102198,0.0,4321.34,4456.21,0.0,0.0,17803.97320658626,20983.155372678502,0,False,False
2026-06-06,17803.97320658626,-0.15151115786102198,0.0,4299.99,4321.6,0.0,0.0,17803.97320658626,20983.155372678502,0,False,False
2026-06-07,17803.97320658626,-0.15151115786102198,0.0,4336.87,4300.0,0.0,0.0,17803.97320658626,20983.155372678502,0,False,False
2026-06-08,17803.97320658626,-0.15151115786102198,0.0,4310.54,4336.86,0.0,0.0,17803.97320658626,20983.155372678502,0,False,False
2026-06-09,17803.97320658626,-0.15151115786102198,0.0,4218.22,4310.73,0.0,0.0,17803.97320658626,20983.155372678502,0,False,False
2026-06-10,17803.97320658626,-0.15151115786102198,0.0,4052.1,4218.28,0.0,0.0,17803.97320658626,20983.155372678502,0,False,False
2026-06-11,17803.97320658626,-0.15151115786102198,0.0,4215.12,4051.85,0.0,0.0,17803.97320658626,20983.155372678502,0,False,False
2026-06-12,17803.97320658626,-0.15151115786102198,0.0,4212.35,4215.38,0.0,0.0,17803.97320658626,20983.155372678502,0,False,False
2026-06-13,17803.97320658626,-0.15151115786102198,0.0,4222.73,4212.35,0.0,0.0,17803.97320658626,20983.155372678502,0,False,False
2026-06-14,17803.97320658626,-0.15151115786102198,0.0,4289.62,4222.73,0.0,0.0,17803.97320658626,20983.155372678502,0,False,False
2026-06-15,17803.97320658626,-0.15151115786102198,0.0,4308.66,4289.18,0.0,0.0,17803.97320658626,20983.155372678502,0,False,False
2026-06-16,17803.97320658626,-0.15151115786102198,0.0,4323.01,4307.7,0.0,0.0,17803.97320658626,20983.155372678502,0,False,False
2026-06-17,17803.97320658626,-0.15151115786102198,0.0,4273.45,4323.02,0.0,0.0,17803.97320658626,20983.155372678502,0,False,False
2026-06-18,17803.97320658626,-0.15151115786102198,0.0,4184.64,4273.46,0.0,0.0,17803.97320658626,20983.155372678502,0,False,False
2026-06-19,17803.97320658626,-0.15151115786102198,0.0,4154.95,4184.72,0.0,0.0,17803.97320658626,20983.155372678502,0,False,False
2026-06-20,17803.97320658626,-0.15151115786102198,0.0,4154.2,4154.94,0.0,0.0,17803.97320658626,20983.155372678502,0,False,False
2026-06-21,17803.97320658626,-0.15151115786102198,0.0,4137.03,4154.2,0.0,0.0,17803.97320658626,20983.155372678502,0,False,False
2026-06-22,17803.97320658626,-0.15151115786102198,0.0,4183.46,4137.03,0.0,0.0,17803.97320658626,20983.155372678502,0,False,False
2026-06-23,17803.97320658626,-0.15151115786102198,0.0,4096.15,4183.22,0.0,0.0,17803.97320658626,20983.155372678502,0,False,False
2026-06-24,17803.97320658626,-0.15151115786102198,0.0,4014.13,4097.39,0.0,0.0,17803.97320658626,20983.155372678502,0,False,False
2026-06-25,17803.97320658626,-0.15151115786102198,0.0,4014.32,4014.07,0.0,0.0,17803.97320658626,20983.155372678502,0,False,False
2026-06-26,17803.97320658626,-0.15151115786102198,0.0,4082.38,4013.64,0.0,0.0,17803.97320658626,20983.155372678502,0,False,False
2026-06-27,17803.97320658626,-0.15151115786102198,0.0,4075.86,4082.38,0.0,0.0,17803.97320658626,20983.155372678502,0,False,False
2026-06-28,17803.97320658626,-0.15151115786102198,0.0,4059.57,4075.87,0.0,0.0,17803.97320658626,20983.155372678502,0,False,False
2026-06-29,17803.97320658626,-0.15151115786102198,0.0,4013.73,4059.47,0.0,0.0,17803.97320658626,20983.155372678502,0,False,False
2026-06-30,17803.97320658626,-0.15151115786102198,0.0,4004.47,4013.71,0.0,0.0,17803.97320658626,20983.155372678502,0,False,False
2026-07-01,17803.97320658626,-0.15151115786102198,0.0,4032.89,4004.47,0.0,0.0,17803.97320658626,20983.155372678502,0,False,False
2026-07-02,17803.97320658626,-0.15151115786102198,0.0,4124.31,4032.85,0.0,0.0,17803.97320658626,20983.155372678502,0,False,False
2026-07-03,17803.97320658626,-0.15151115786102198,0.0,4168.71,4124.3,0.0,0.0,17803.97320658626,20983.155372678502,0,False,False
2026-07-04,17803.97320658626,-0.15151115786102198,0.0,4168.0,4168.72,0.0,0.0,17803.97320658626,20983.155372678502,0,False,False
2026-07-05,17803.97320658626,-0.15151115786102198,0.0,4179.65,4168.01,0.0,0.0,17803.97320658626,20983.155372678502,0,False,False
2026-07-06,17803.97320658626,-0.15151115786102198,0.0,4152.03,4178.41,0.0,0.0,17803.97320658626,20983.155372678502,0,False,False
2026-07-07,17803.97320658626,-0.15151115786102198,0.0,4094.25,4152.02,0.0,0.0,17803.97320658626,20983.155372678502,0,False,False
2026-07-08,17803.97320658626,-0.15151115786102198,0.0,4073.01,4095.03,0.0,0.0,17803.97320658626,20983.155372678502,0,False,False
2026-07-09,17803.97320658626,-0.15151115786102198,0.0,4117.45,4073.01,0.0,0.0,17803.97320658626,20983.155372678502,0,False,False
2026-07-10,17803.97320658626,-0.15151115786102198,0.0,4113.34,4117.81,0.0,0.0,17803.97320658626,20983.155372678502,0,False,False
2026-07-11,17803.97320658626,-0.15151115786102198,0.0,4102.09,4113.34,0.0,0.0,17803.97320658626,20983.155372678502,0,False,False
2026-07-12,17803.97320658626,-0.15151115786102198,0.0,4080.47,4102.1,0.0,0.0,17803.97320658626,20983.155372678502,0,False,False
2026-07-13,17803.97320658626,-0.15151115786102198,0.0,3998.89,4080.48,0.0,0.0,17803.97320658626,20983.155372678502,0,False,False
2026-07-14,17803.97320658626,-0.15151115786102198,0.0,4048.07,3999.12,0.0,0.0,17803.97320658626,20983.155372678502,0,False,False
2026-07-15,17803.97320658626,-0.15151115786102198,0.0,4051.77,4048.26,0.0,0.0,17803.97320658626,20983.155372678502,0,False,False
2026-07-16,17803.97320658626,-0.15151115786102198,0.0,3986.13,4051.57,0.0,0.0,17803.97320658626,20983.155372678502,0,False,False
2026-07-17,17803.97320658626,-0.15151115786102198,0.0,4006.1,3986.13,0.0,0.0,17803.97320658626,20983.155372678502,0,False,False
2026-07-18,17803.97320658626,-0.15151115786102198,0.0,4012.29,4006.1,0.0,0.0,17803.97320658626,20983.155372678502,0,False,False
2026-07-19,17803.97320658626,-0.15151115786102198,0.0,3993.01,4012.29,0.0,0.0,17803.97320658626,20983.155372678502,0,False,False
2026-07-20,17803.97320658626,-0.15151115786102198,0.0,4007.5,3993.02,0.0,0.0,17803.97320658626,20983.155372678502,0,False,False
2026-07-21,17803.97320658626,-0.15151115786102198,0.0,4074.01,4007.49,0.0,0.0,17803.97320658626,20983.155372678502,0,False,False
2026-07-22,17803.97320658626,-0.15151115786102198,0.0,4127.0,4074.13,0.0,0.0,17803.97320658626,20983.155372678502,0,False,False
2026-07-23,17803.97320658626,-0.15151115786102198,0.0,4045.13,4127.13,0.0,0.0,17803.97320658626,20983.155372678502,0,False,False
2026-07-24,17803.97320658626,-0.15151115786102198,0.0,4054.43,4045.6,0.0,0.0,17803.97320658626,20983.155372678502,0,False,False
2026-07-25,17803.97320658626,-0.15151115786102198,0.0,4055.48,4054.43,0.0,0.0,17803.97320658626,20983.155372678502,0,False,False
2026-07-26,17803.97320658626,-0.15151115786102198,0.0,4087.85,4055.48,0.0,0.0,17803.97320658626,20983.155372678502,0,False,False
2026-07-27,17803.97320658626,-0.15151115786102198,0.0,4066.84,4087.85,0.0,0.0,17803.97320658626,20983.155372678502,0,False,False
2026-07-28,17803.97320658626,-0.15151115786102198,0.0,4021.98,4067.06,0.0,0.0,17803.97320658626,20983.155372678502,0,False,False
2026-07-29,17803.97320658626,-0.15151115786102198,0.0,4081.59,4021.99,0.0,0.0,17803.97320658626,20983.155372678502,0,False,False
2026-07-30,17803.97320658626,-0.15151115786102198,0.0,4100.72,4081.6,0.0,0.0,17803.97320658626,20983.155372678502,0,False,False
2026-07-31,17803.97320658626,-0.15151115786102198,0.0,4048.09,4100.82,0.0,0.0,17803.97320658626,20983.155372678502,0,False,False
2026-08-01,17803.97320658626,-0.15151115786102198,0.0,4048.4,4048.09,0.0,0.0,17803.97320658626,20983.155372678502,0,False,False
2026-08-02,17803.97320658626,-0.15151115786102198,0.0,4072.23,4048.5,0.0,0.0,17803.97320658626,20983.155372678502,0,False,False
2026-08-03,17803.97320658626,-0.15151115786102198,0.0,4052.2,4072.23,0.0,0.0,17803.97320658626,20983.155372678502,0,False,False
2026-08-04,17803.97320658626,-0.15151115786102198,0.0,4068.67,4052.27,0.0,0.0,17803.97320658626,20983.155372678502,0,False,False
2026-08-05,17803.97320658626,-0.15151115786102198,0.0,4272.06,4068.13,0.0,0.0,17803.97320658626,20983.155372678502,0,False,False
2026-08-06,17803.97320658626,-0.15151115786102198,0.0,4248.73,4272.05,0.0,0.0,17803.97320658626,20983.155372678502,0,False,False
2026-08-07,17803.97320658626,-0.15151115786102198,0.0,4344.47,4248.72,0.0,0.0,17803.97320658626,20983.155372678502,0,False,False
2026-08-08,17791.873534253682,-0.15208779526934668,13352.979904939693,4347.04,4344.46,0.75,3.0735649321065663,4430.963831789155,20983.155372678502,0,False,False
2026-08-09,17739.715137355834,-0.1545735223190431,0.0,4330.07,4347.05,0.75,3.0735649321065663,4430.963831789155,20983.155372678502,0,False,False
2026-08-10,17945.8284017029,-0.14475072585748516,0.0,4397.13,4329.42,0.75,3.0735649321065663,4430.963831789155,20983.155372678502,0,False,False
2026-08-11,17861.366837368612,-0.14877593383189025,0.0,4369.65,4397.13,0.75,3.0735649321065663,4430.963831789155,20983.155372678502,0,False,False
2026-08-12,17984.094285107625,-0.14292707813982353,0.0,4409.58,4368.35,0.75,3.0735649321065663,4430.963831789155,20983.155372678502,0,False,False
2026-08-13,17821.963734939007,-0.1506537783090327,0.0,4356.83,4409.56,0.75,3.0735649321065663,4430.963831789155,20983.155372678502,0,False,False
2026-08-14,17894.40766038876,-0.14720129825238315,0.0,4380.4,4356.34,0.75,3.0735649321065663,4430.963831789155,20983.155372678502,0,False,False
2026-08-15,17889.92025558788,-0.1474151557357396,0.0,4378.94,4380.4,0.75,3.0735649321065663,4430.963831789155,20983.155372678502,0,False,False
2026-08-16,17858.785042825642,-0.14889897512368433,0.0,4368.81,4378.95,0.75,3.0735649321065663,4430.963831789155,20983.155372678502,0,False,False
2026-08-17,18014.614784883444,-0.1414725542975438,0.0,4419.51,4368.83,0.75,3.0735649321065663,4430.963831789155,20983.155372678502,0,False,False
2026-08-18,17759.14006772675,-0.15364778307602112,0.0,4336.39,4419.53,0.75,3.0735649321065663,4430.963831789155,20983.155372678502,0,False,False
2026-08-19,18253.15415926424,-0.13010441780214388,0.0,4497.12,4336.38,0.75,3.0735649321065663,4430.963831789155,20983.155372678502,0,False,False
2026-08-20,18305.343291811405,-0.12761722597516445,0.0,4514.1,4497.12,0.75,3.0735649321065663,4430.963831789155,20983.155372678502,0,False,False
2026-08-21,18569.36251947936,-0.11503478911193998,0.0,4600.0,4514.11,0.75,3.0735649321065663,4430.963831789155,20983.155372678502,0,False,False
2026-08-22,18519.126497302852,-0.11742890102143477,4424.327340777988,4589.16,4599.85,1.0,4.035406587981864,0.0,20983.155372678502,0,False,False
2026-08-23,18625.217336500893,-0.11237290075294426,0.0,4615.45,4589.17,1.0,4.035406587981864,0.0,20983.155372678502,0,False,False
2026-08-24,18860.1587080532,-0.10117623526676967,0.0,4673.67,4615.46,1.0,4.035406587981864,0.0,20983.155372678502,0,False,False
2026-08-25,18753.1800794058,-0.10627454516093815,0.0,4647.16,4674.58,1.0,4.035406587981864,0.0,20983.155372678502,0,False,False
2026-08-26,18629.494867484158,-0.11216904528376936,0.0,4616.51,4647.4,1.0,4.035406587981864,0.0,20983.155372678502,0,False,False
2026-08-27,18508.87656456938,-0.11791738488153236,0.0,4586.62,4617.09,1.0,4.035406587981864,0.0,20983.155372678502,0,False,False
2026-08-28,18005.66136304804,-0.1418992499816002,0.0,4461.92,4586.61,1.0,4.035406587981864,0.0,20983.155372678502,0,False,False
2026-08-29,18007.64609202595,-0.14180466320746354,-4501.2841900479,4464.85,4461.79,0.75,3.026554940986398,4494.532263762828,20983.155372678502,0,False,False
2026-08-30,17975.56460965149,-0.1433335792262731,0.0,4454.25,4464.86,0.75,3.026554940986398,4494.532263762828,20983.155372678502,0,False,False
2026-08-31,17966.121758235615,-0.14378359979029998,0.0,4451.13,4453.69,0.75,3.026554940986398,4494.532263762828,20983.155372678502,0,False,False
2026-09-01,17623.394676718315,-0.16011703846671332,0.0,4337.89,4451.13,0.75,3.026554940986398,4494.532263762828,20983.155372678502,0,False,False
2026-09-02,17794.939810773423,-0.15194166488689076,0.0,4394.57,4337.48,0.75,3.026554940986398,4494.532263762828,20983.155372678502,0,False,False
2026-09-03,18061.095052283767,-0.139257431425183,0.0,4482.51,4394.56,0.75,3.026554940986398,4494.532263762828,20983.155372678502,0,False,False
2026-09-04,17907.64871677576,-0.14657026559062047,0.0,4431.81,4481.95,0.75,3.026554940986398,4494.532263762828,20983.155372678502,0,False,False
2026-09-05,17908.223762214544,-0.14654286049217025,0.0,4432.0,4431.8,0.75,3.026554940986398,4494.532263762828,20983.155372678502,0,False,False
2026-09-06,17875.234313357792,-0.14811504771905926,0.0,4421.1,4432.0,0.75,3.026554940986398,4494.532263762828,20983.155372678502,0,False,False
2026-09-07,17882.286186370293,-0.14777897466964152,0.0,4423.43,4421.1,0.75,3.026554940986398,4494.532263762828,20983.155372678502,0,False,False
2026-09-08,17673.60522318928,-0.15772414065991636,0.0,4354.48,4424.45,0.75,3.026554940986398,4494.532263762828,20983.155372678502,0,False,False
2026-09-09,17796.362291595688,-0.1518738733275662,0.0,4395.04,4354.49,0.75,3.026554940986398,4494.532263762828,20983.155372678502,0,False,False
2026-09-10,17569.340405472296,-0.1626931177210471,0.0,4320.03,4394.0,0.75,3.026554940986398,4494.532263762828,20983.155372678502,0,False,False
2026-09-11,17678.50824219368,-0.15749047613628686,0.0,4356.1,4320.24,0.75,3.026554940986398,4494.532263762828,20983.155372678502,0,False,False
2026-09-12,17676.389653734986,-0.15759144228847255,0.0,4355.4,4356.11,0.75,3.026554940986398,4494.532263762828,20983.155372678502,0,False,False
2026-09-13,17621.245822710214,-0.16021944699250157,0.0,4337.18,4355.39,0.75,3.026554940986398,4494.532263762828,20983.155372678502,0,False,False
2026-09-14,17493.555469749997,-0.1663048212220838,0.0,4294.99,4336.3,0.75,3.026554940986398,4494.532263762828,20983.155372678502,0,False,False
2026-09-15,17473.875614034503,-0.16724270951228437,-12998.841612690712,4286.3,4294.93,0.0,0.0,17473.875614034503,20983.155372678502,0,False,False
2026-09-16,17473.875614034503,-0.16724270951228437,0.0,4277.01,4287.08,0.0,0.0,17473.875614034503,20983.155372678502,0,False,False
2026-09-17,17473.875614034503,-0.16724270951228437,0.0,4345.87,4277.02,0.0,0.0,17473.875614034503,20983.155372678502,0,False,False
2026-09-18,17473.875614034503,-0.16724270951228437,0.0,4370.33,4345.38,0.0,0.0,17473.875614034503,20983.155372678502,0,False,False
2026-09-19,17473.875614034503,-0.16724270951228437,0.0,4366.29,4370.32,0.0,0.0,17473.875614034503,20983.155372678502,0,False,False
2026-09-20,17473.875614034503,-0.16724270951228437,0.0,4364.26,4366.29,0.0,0.0,17473.875614034503,20983.155372678502,0,False,False
2026-09-21,17473.875614034503,-0.16724270951228437,0.0,4365.53,4364.25,0.0,0.0,17473.875614034503,20983.155372678502,0,False,False
2026-09-22,17473.875614034503,-0.16724270951228437,0.0,4360.86,4365.25,0.0,0.0,17473.875614034503,20983.155372678502,0,False,False
2026-09-23,17473.875614034503,-0.16724270951228437,0.0,4288.04,4360.73,0.0,0.0,17473.875614034503,20983.155372678502,0,False,False
2026-09-24,17473.875614034503,-0.16724270951228437,0.0,4260.0,4287.61,0.0,0.0,17473.875614034503,20983.155372678502,0,False,False
2026-09-25,17473.875614034503,-0.16724270951228437,0.0,4282.22,4260.0,0.0,0.0,17473.875614034503,20983.155372678502,0,False,False
2026-09-26,17473.875614034503,-0.16724270951228437,0.0,4281.01,4282.22,0.0,0.0,17473.875614034503,20983.155372678502,0,False,False
2026-09-27,17473.875614034503,-0.16724270951228437,0.0,4258.53,4281.01,0.0,0.0,17473.875614034503,20983.155372678502,0,False,False
